"Planaria_ID","Day","Phase","Treatment","Distance_mm","Length_mm","Temperature","Batch"
"P10A1",1,"Exposure","Control",2,6.3,18.6,2
"P10A1",2,"Exposure","Control",148,12.7,18.8,2
"P10A1",3,"Exposure","Control",251,12.2,18.4,2
"P10A1",4,"Exposure","Control",560,12.6,18.9,2
"P10A1",5,"Exposure","Control",533,14.3,18.5,2
"P10A1",6,"Exposure","Control",454,14.6,18.8,2
"P10A1",7,"Exposure","Control",224,12.7,18.8,2
"P10A1",8,"Recovery","Control",472,13.9,18.5,2
"P10A1",9,"Recovery","Control",484,13.7,18.9,2
"P10A1",10,"Recovery","Control",626,14.1,18.8,2
"P10A1",11,"Recovery","Control",523,14.2,18.5,2
"P10A1",12,"Recovery","Control",498,13.4,18.8,2
"P10A1",13,"Recovery","Control",370,13.6,18.8,2
"P10A1",14,"Recovery","Control",536,12.6,18.6,2
"P10A2",1,"Exposure","Control",0,7.8,18.6,2
"P10A2",2,"Exposure","Control",856,14,18.8,2
"P10A2",3,"Exposure","Control",674,13.3,18.4,2
"P10A2",4,"Exposure","Control",392,13.6,18.9,2
"P10A2",5,"Exposure","Control",709,12.7,18.5,2
"P10A2",6,"Exposure","Control",603,14.7,18.8,2
"P10A2",7,"Exposure","Control",699,13.7,18.8,2
"P10A2",8,"Recovery","Control",0,7.5,18.5,2
"P10A2",9,"Recovery","Control",416,14.3,18.9,2
"P10A2",10,"Recovery","Control",700,14.4,18.8,2
"P10A2",11,"Recovery","Control",615,14.9,18.5,2
"P10A2",12,"Recovery","Control",768,15.1,18.8,2
"P10A2",13,"Recovery","Control",797,14.1,18.8,2
"P10A2",14,"Recovery","Control",377,13.8,18.6,2
"P10A3",1,"Exposure","Control",2,6.4,18.6,2
"P10A3",2,"Exposure","Control",315,13.8,18.8,2
"P10A3",3,"Exposure","Control",754,12.3,18.4,2
"P10A3",4,"Exposure","Control",1,7.6,18.9,2
"P10A3",5,"Exposure","Control",459,13.2,18.5,2
"P10A3",6,"Exposure","Control",0,6.6,18.8,2
"P10A3",7,"Exposure","Control",332,12.5,18.8,2
"P10A3",8,"Recovery","Control",1,6.8,18.5,2
"P10A3",9,"Recovery","Control",531,13.1,18.9,2
"P10A3",10,"Recovery","Control",436,12.7,18.8,2
"P10A3",11,"Recovery","Control",258,11.3,18.5,2
"P10A3",12,"Recovery","Control",467,12.2,18.8,2
"P10A3",13,"Recovery","Control",574,12.9,18.8,2
"P10A3",14,"Recovery","Control",369,11.9,18.6,2
"P10B1",1,"Exposure","Control",0,5.9,18.6,2
"P10B1",2,"Exposure","Control",681,12.4,18.8,2
"P10B1",3,"Exposure","Control",0,5.9,18.4,2
"P10B1",4,"Exposure","Control",468,10.5,18.9,2
"P10B1",5,"Exposure","Control",0,7.1,18.5,2
"P10B1",6,"Exposure","Control",418,13.7,18.8,2
"P10B1",7,"Exposure","Control",629,12.8,18.8,2
"P10B1",8,"Recovery","Control",0,4.1,18.5,2
"P10B1",9,"Recovery","Control",0,6.8,18.9,2
"P10B1",10,"Recovery","Control",596,13.1,18.8,2
"P10B1",11,"Recovery","Control",447,12.2,18.5,2
"P10B1",12,"Recovery","Control",538,11.9,18.8,2
"P10B1",13,"Recovery","Control",613,13.4,18.8,2
"P10B1",14,"Recovery","Control",382,12.9,18.6,2
"P10B2",1,"Exposure","Control",2,7.4,18.6,2
"P10B2",2,"Exposure","Control",782,15.6,18.8,2
"P10B2",3,"Exposure","Control",629,13.6,18.4,2
"P10B2",4,"Exposure","Control",40,8,18.9,2
"P10B2",5,"Exposure","Control",535,14.8,18.5,2
"P10B2",6,"Exposure","Control",632,15.3,18.8,2
"P10B2",7,"Exposure","Control",387,13.3,18.8,2
"P10B2",8,"Recovery","Control",191,10.9,18.5,2
"P10B2",9,"Recovery","Control",620,15.3,18.9,2
"P10B2",10,"Recovery","Control",331,16.1,18.8,2
"P10B2",11,"Recovery","Control",301,15.2,18.5,2
"P10B2",12,"Recovery","Control",494,13.6,18.8,2
"P10B2",13,"Recovery","Control",325,14.9,18.8,2
"P10B2",14,"Recovery","Control",592,15.8,18.6,2
"P10B3",1,"Exposure","Control",0,6,18.6,2
"P10B3",2,"Exposure","Control",56,12,18.8,2
"P10B3",3,"Exposure","Control",107,11,18.4,2
"P10B3",4,"Exposure","Control",182,11.4,18.9,2
"P10B3",5,"Exposure","Control",0,7,18.5,2
"P10B3",6,"Exposure","Control",285,11.4,18.8,2
"P10B3",7,"Exposure","Control",119,6.3,18.8,2
"P10B3",8,"Recovery","Control",0,6.8,18.5,2
"P10B3",9,"Recovery","Control",310,12.3,18.9,2
"P10B3",10,"Recovery","Control",285,12.5,18.8,2
"P10B3",11,"Recovery","Control",223,12.5,18.5,2
"P10B3",12,"Recovery","Control",299,11.3,18.8,2
"P10B3",13,"Recovery","Control",327,11.8,18.8,2
"P10B3",14,"Recovery","Control",275,11.7,18.6,2
"P11A1",1,"Exposure","Treatment",11,8.1,18.9,2
"P11A1",2,"Exposure","Treatment",47,10.9,18.7,2
"P11A1",3,"Exposure","Treatment",53,14,18.4,2
"P11A1",4,"Exposure","Treatment",85,9,18.6,2
"P11A1",5,"Exposure","Treatment",107,14.1,18.4,2
"P11A1",6,"Exposure","Treatment",255,14.8,18.8,2
"P11A1",7,"Exposure","Treatment",297,15.8,18.9,2
"P11A1",8,"Recovery","Treatment",43,11.6,18.6,2
"P11A1",9,"Recovery","Treatment",451,16,18.9,2
"P11A1",10,"Recovery","Treatment",310,15.5,18.5,2
"P11A1",11,"Recovery","Treatment",192,13.9,18.8,2
"P11A1",12,"Recovery","Treatment",471,15.3,18.8,2
"P11A1",13,"Recovery","Treatment",494,13.6,18.9,2
"P11A1",14,"Recovery","Treatment",331,12.3,18.7,2
"P11A2",1,"Exposure","Treatment",0,8.8,18.9,2
"P11A2",2,"Exposure","Treatment",100,14.5,18.7,2
"P11A2",3,"Exposure","Treatment",28,9.5,18.4,2
"P11A2",4,"Exposure","Treatment",5,8.8,18.6,2
"P11A2",5,"Exposure","Treatment",105,14.4,18.4,2
"P11A2",6,"Exposure","Treatment",1,8.6,18.8,2
"P11A2",7,"Exposure","Treatment",9,8.6,18.9,2
"P11A2",8,"Recovery","Treatment",3,8,18.6,2
"P11A2",9,"Recovery","Treatment",157,14.1,18.9,2
"P11A2",10,"Recovery","Treatment",404,11.2,18.5,2
"P11A2",11,"Recovery","Treatment",194,15.3,18.8,2
"P11A2",12,"Recovery","Treatment",316,12.8,18.8,2
"P11A2",13,"Recovery","Treatment",0,4.6,18.9,2
"P11A2",14,"Recovery","Treatment",1,7,18.7,2
"P11A3",1,"Exposure","Treatment",0,5.9,18.9,2
"P11A3",2,"Exposure","Treatment",35,10.5,18.7,2
"P11A3",3,"Exposure","Treatment",202,11.1,18.4,2
"P11A3",4,"Exposure","Treatment",4,3.8,18.6,2
"P11A3",5,"Exposure","Treatment",65,9.8,18.4,2
"P11A3",6,"Exposure","Treatment",64,9.8,18.8,2
"P11A3",7,"Exposure","Treatment",59,10.7,18.9,2
"P11A3",8,"Recovery","Treatment",0,5.8,18.6,2
"P11A3",9,"Recovery","Treatment",350,11.5,18.9,2
"P11A3",10,"Recovery","Treatment",350,11.3,18.5,2
"P11A3",11,"Recovery","Treatment",222,9.1,18.8,2
"P11A3",12,"Recovery","Treatment",326,10,18.8,2
"P11A3",13,"Recovery","Treatment",200,10.4,18.9,2
"P11A3",14,"Recovery","Treatment",199,10.2,18.7,2
"P11B1",1,"Exposure","Treatment",2,3.6,18.9,2
"P11B1",2,"Exposure","Treatment",414,3.3,18.7,2
"P11B1",3,"Exposure","Treatment",763,11.3,18.4,2
"P11B1",4,"Exposure","Treatment",312,3.8,18.6,2
"P11B1",5,"Exposure","Treatment",144,10.7,18.4,2
"P11B1",6,"Exposure","Treatment",355,11.6,18.8,2
"P11B1",7,"Exposure","Treatment",390,11.3,18.9,2
"P11B1",8,"Recovery","Treatment",425,13.8,18.6,2
"P11B1",9,"Recovery","Treatment",131,11.3,18.9,2
"P11B1",10,"Recovery","Treatment",399,11.8,18.5,2
"P11B1",11,"Recovery","Treatment",425,12,18.8,2
"P11B1",12,"Recovery","Treatment",377,12.3,18.8,2
"P11B1",13,"Recovery","Treatment",509,11.8,18.9,2
"P11B1",14,"Recovery","Treatment",412,11.1,18.7,2
"P11B2",1,"Exposure","Treatment",13,9,18.9,2
"P11B2",2,"Exposure","Treatment",0,7.9,18.7,2
"P11B2",3,"Exposure","Treatment",497,14.2,18.4,2
"P11B2",4,"Exposure","Treatment",39,14.8,18.6,2
"P11B2",5,"Exposure","Treatment",86,9.5,18.4,2
"P11B2",6,"Exposure","Treatment",209,13.5,18.8,2
"P11B2",7,"Exposure","Treatment",224,13.6,18.9,2
"P11B2",8,"Recovery","Treatment",194,13.7,18.6,2
"P11B2",9,"Recovery","Treatment",505,15.6,18.9,2
"P11B2",10,"Recovery","Treatment",702,14.5,18.5,2
"P11B2",11,"Recovery","Treatment",557,14.4,18.8,2
"P11B2",12,"Recovery","Treatment",521,15,18.8,2
"P11B2",13,"Recovery","Treatment",728,15.2,18.9,2
"P11B2",14,"Recovery","Treatment",496,14.4,18.7,2
"P11B3",1,"Exposure","Treatment",0,4.5,18.9,2
"P11B3",2,"Exposure","Treatment",0,9,18.7,2
"P11B3",3,"Exposure","Treatment",188,14.4,18.4,2
"P11B3",4,"Exposure","Treatment",0,8.6,18.6,2
"P11B3",5,"Exposure","Treatment",154,13.5,18.4,2
"P11B3",6,"Exposure","Treatment",216,13.8,18.8,2
"P11B3",7,"Exposure","Treatment",258,14.6,18.9,2
"P11B3",8,"Recovery","Treatment",385,14,18.6,2
"P11B3",9,"Recovery","Treatment",432,14.2,18.9,2
"P11B3",10,"Recovery","Treatment",358,13.8,18.5,2
"P11B3",11,"Recovery","Treatment",395,14.5,18.8,2
"P11B3",12,"Recovery","Treatment",263,15.4,18.8,2
"P11B3",13,"Recovery","Treatment",392,13.3,18.9,2
"P11B3",14,"Recovery","Treatment",349,10.4,18.7,2
"P12A1",1,"Exposure","Treatment",3,8.4,18.9,2
"P12A1",2,"Exposure","Treatment",0,10.2,18.6,2
"P12A1",3,"Exposure","Treatment",224,12.6,18.4,2
"P12A1",4,"Exposure","Treatment",110,14.1,18.7,2
"P12A1",5,"Exposure","Treatment",163,13.8,18.3,2
"P12A1",6,"Exposure","Treatment",405,14.4,18.6,2
"P12A1",7,"Exposure","Treatment",586,14.6,19,2
"P12A1",8,"Recovery","Treatment",12,8.1,18.6,2
"P12A1",9,"Recovery","Treatment",112,12.6,18.5,2
"P12A1",10,"Recovery","Treatment",14,9.6,18.5,2
"P12A1",11,"Recovery","Treatment",85,12.9,18.9,2
"P12A1",12,"Recovery","Treatment",424,13.8,18.9,2
"P12A1",13,"Recovery","Treatment",45,12.5,18.6,2
"P12A1",14,"Recovery","Treatment",393,13.6,18.9,2
"P12A2",1,"Exposure","Treatment",557,17.3,18.9,2
"P12A2",2,"Exposure","Treatment",41,14.9,18.6,2
"P12A2",3,"Exposure","Treatment",173,18.8,18.4,2
"P12A2",4,"Exposure","Treatment",375,18.2,18.7,2
"P12A2",5,"Exposure","Treatment",423,19.1,18.3,2
"P12A2",6,"Exposure","Treatment",413,20.1,18.6,2
"P12A2",7,"Exposure","Treatment",108,17.5,19,2
"P12A2",8,"Recovery","Treatment",26,10.2,18.6,2
"P12A2",9,"Recovery","Treatment",54,14.3,18.5,2
"P12A2",10,"Recovery","Treatment",561,14.6,18.5,2
"P12A2",11,"Recovery","Treatment",48,10.4,18.9,2
"P12A2",12,"Recovery","Treatment",138,14.9,18.9,2
"P12A2",13,"Recovery","Treatment",529,16.7,18.6,2
"P12A2",14,"Recovery","Treatment",484,16.5,18.9,2
"P12A3",1,"Exposure","Treatment",0,12.7,18.9,2
"P12A3",2,"Exposure","Treatment",53,21.8,18.6,2
"P12A3",3,"Exposure","Treatment",6,12.8,18.4,2
"P12A3",4,"Exposure","Treatment",94,18,18.7,2
"P12A3",5,"Exposure","Treatment",191,21.5,18.3,2
"P12A3",6,"Exposure","Treatment",75,18.2,18.6,2
"P12A3",7,"Exposure","Treatment",235,17.9,19,2
"P12A3",8,"Recovery","Treatment",82,21.2,18.6,2
"P12A3",9,"Recovery","Treatment",296,12.3,18.5,2
"P12A3",10,"Recovery","Treatment",221,12.6,18.5,2
"P12A3",11,"Recovery","Treatment",467,11.9,18.9,2
"P12A3",12,"Recovery","Treatment",37,7.8,18.9,2
"P12A3",13,"Recovery","Treatment",264,12.9,18.6,2
"P12A3",14,"Recovery","Treatment",616,4.5,18.9,2
"P12B1",1,"Exposure","Treatment",0,8.9,18.9,2
"P12B1",2,"Exposure","Treatment",0,10,18.6,2
"P12B1",3,"Exposure","Treatment",423,15.1,18.4,2
"P12B1",4,"Exposure","Treatment",10,9.9,18.7,2
"P12B1",5,"Exposure","Treatment",358,14.5,18.3,2
"P12B1",6,"Exposure","Treatment",51,14.3,18.6,2
"P12B1",7,"Exposure","Treatment",246,15.6,19,2
"P12B1",8,"Recovery","Treatment",109,14.6,18.6,2
"P12B1",9,"Recovery","Treatment",269,14.1,18.5,2
"P12B1",10,"Recovery","Treatment",208,13.3,18.5,2
"P12B1",11,"Recovery","Treatment",360,13.7,18.9,2
"P12B1",12,"Recovery","Treatment",313,15.5,18.9,2
"P12B1",13,"Recovery","Treatment",267,13.5,18.6,2
"P12B1",14,"Recovery","Treatment",272,13.2,18.9,2
"P12B2",1,"Exposure","Treatment",0,9.5,18.9,2
"P12B2",2,"Exposure","Treatment",208,18.4,18.6,2
"P12B2",3,"Exposure","Treatment",477,18,18.4,2
"P12B2",4,"Exposure","Treatment",248,15.9,18.7,2
"P12B2",5,"Exposure","Treatment",282,16,18.3,2
"P12B2",6,"Exposure","Treatment",159,14.6,18.6,2
"P12B2",7,"Exposure","Treatment",296,17.4,19,2
"P12B2",8,"Recovery","Treatment",113,14.7,18.6,2
"P12B2",9,"Recovery","Treatment",425,16.9,18.5,2
"P12B2",10,"Recovery","Treatment",398,17,18.5,2
"P12B2",11,"Recovery","Treatment",307,18.2,18.9,2
"P12B2",12,"Recovery","Treatment",501,15.8,18.9,2
"P12B2",13,"Recovery","Treatment",303,16.2,18.6,2
"P12B2",14,"Recovery","Treatment",240,16.2,18.9,2
"P12B3",1,"Exposure","Treatment",3,7.9,18.9,2
"P12B3",2,"Exposure","Treatment",102,15.3,18.6,2
"P12B3",3,"Exposure","Treatment",80,14.1,18.4,2
"P12B3",4,"Exposure","Treatment",313,14,18.7,2
"P12B3",5,"Exposure","Treatment",206,14.6,18.3,2
"P12B3",6,"Exposure","Treatment",1,4.9,18.6,2
"P12B3",7,"Exposure","Treatment",307,14.2,19,2
"P12B3",8,"Recovery","Treatment",0,7.7,18.6,2
"P12B3",9,"Recovery","Treatment",472,14.8,18.5,2
"P12B3",10,"Recovery","Treatment",369,15,18.5,2
"P12B3",11,"Recovery","Treatment",0,7.5,18.9,2
"P12B3",12,"Recovery","Treatment",4,10.1,18.9,2
"P12B3",13,"Recovery","Treatment",364,14.2,18.6,2
"P12B3",14,"Recovery","Treatment",0,7.1,18.9,2
"P13A1",1,"Exposure","Control",0,9.1,18.9,3
"P13A1",2,"Exposure","Control",269,17.5,19.1,3
"P13A1",3,"Exposure","Control",503,17.1,19.4,3
"P13A1",4,"Exposure","Control",567,18.2,18.7,3
"P13A1",5,"Exposure","Control",642,17.5,18.5,3
"P13A1",6,"Exposure","Control",121,19.2,18.4,3
"P13A1",7,"Exposure","Control",65,11.2,18.1,3
"P13A1",8,"Recovery","Control",4,5.6,18.8,3
"P13A1",9,"Recovery","Control",798,12,18.5,3
"P13A1",10,"Recovery","Control",719,13.5,18.9,3
"P13A1",11,"Recovery","Control",594,13,18.8,3
"P13A1",12,"Recovery","Control",408,14,18.3,3
"P13A1",13,"Recovery","Control",497,14.5,18.7,3
"P13A1",14,"Recovery","Control",270,13.8,19.3,3
"P13A2",1,"Exposure","Control",0,6.6,18.9,3
"P13A2",2,"Exposure","Control",806,11.9,19.1,3
"P13A2",3,"Exposure","Control",702,12.8,19.4,3
"P13A2",4,"Exposure","Control",700,12.1,18.7,3
"P13A2",5,"Exposure","Control",800,12.6,18.5,3
"P13A2",6,"Exposure","Control",944,13.2,18.4,3
"P13A2",7,"Exposure","Control",760,13.8,18.1,3
"P13A2",8,"Recovery","Control",2,6.8,18.8,3
"P13A2",9,"Recovery","Control",161,14,18.5,3
"P13A2",10,"Recovery","Control",732,13.7,18.9,3
"P13A2",11,"Recovery","Control",472,14.7,18.8,3
"P13A2",12,"Recovery","Control",610,14.2,18.3,3
"P13A2",13,"Recovery","Control",440,13.6,18.7,3
"P13A2",14,"Recovery","Control",370,12.9,19.3,3
"P13A3",1,"Exposure","Control",0,6.3,18.9,3
"P13A3",2,"Exposure","Control",499,15.8,19.1,3
"P13A3",3,"Exposure","Control",693,16.9,19.4,3
"P13A3",4,"Exposure","Control",654,14.3,18.7,3
"P13A3",5,"Exposure","Control",626,16.9,18.5,3
"P13A3",6,"Exposure","Control",453,16.8,18.4,3
"P13A3",7,"Exposure","Control",550,17.1,18.1,3
"P13A3",8,"Recovery","Control",128,13.1,18.8,3
"P13A3",9,"Recovery","Control",678,17.1,18.5,3
"P13A3",10,"Recovery","Control",582,17.5,18.9,3
"P13A3",11,"Recovery","Control",672,16,18.8,3
"P13A3",12,"Recovery","Control",641,17,18.3,3
"P13A3",13,"Recovery","Control",679,15.4,18.7,3
"P13A3",14,"Recovery","Control",506,16.3,19.3,3
"P13B1",1,"Exposure","Control",90,12,18.9,3
"P13B1",2,"Exposure","Control",614,17.6,19.1,3
"P13B1",3,"Exposure","Control",661,18.9,19.4,3
"P13B1",4,"Exposure","Control",616,19.2,18.7,3
"P13B1",5,"Exposure","Control",395,15.6,18.5,3
"P13B1",6,"Exposure","Control",748,13.7,18.4,3
"P13B1",7,"Exposure","Control",139,14.2,18.1,3
"P13B1",8,"Recovery","Control",32,8.4,18.8,3
"P13B1",9,"Recovery","Control",464,14.5,18.5,3
"P13B1",10,"Recovery","Control",486,14.2,18.9,3
"P13B1",11,"Recovery","Control",620,14.6,18.8,3
"P13B1",12,"Recovery","Control",112,13.9,18.3,3
"P13B1",13,"Recovery","Control",543,15,18.7,3
"P13B1",14,"Recovery","Control",237,14.1,19.3,3
"P13B2",1,"Exposure","Control",2,10.7,18.9,3
"P13B2",2,"Exposure","Control",617,19.7,19.1,3
"P13B2",3,"Exposure","Control",669,20.8,19.4,3
"P13B2",4,"Exposure","Control",506,21,18.7,3
"P13B2",5,"Exposure","Control",449,19.8,18.5,3
"P13B2",6,"Exposure","Control",560,19.4,18.4,3
"P13B2",7,"Exposure","Control",627,19.5,18.1,3
"P13B2",8,"Recovery","Control",2,10.8,18.8,3
"P13B2",9,"Recovery","Control",378,21.4,18.5,3
"P13B2",10,"Recovery","Control",52,15.4,18.9,3
"P13B2",11,"Recovery","Control",335,21.5,18.8,3
"P13B2",12,"Recovery","Control",333,14.4,18.3,3
"P13B2",13,"Recovery","Control",315,11.7,18.7,3
"P13B2",14,"Recovery","Control",746,14.6,19.3,3
"P13B3",1,"Exposure","Control",0,8.7,18.9,3
"P13B3",2,"Exposure","Control",567,15.5,19.1,3
"P13B3",3,"Exposure","Control",539,17.2,19.4,3
"P13B3",4,"Exposure","Control",351,18,18.7,3
"P13B3",5,"Exposure","Control",608,16.8,18.5,3
"P13B3",6,"Exposure","Control",599,18.5,18.4,3
"P13B3",7,"Exposure","Control",407,17.7,18.1,3
"P13B3",8,"Recovery","Control",115,16.9,18.8,3
"P13B3",9,"Recovery","Control",463,18.8,18.5,3
"P13B3",10,"Recovery","Control",448,17.9,18.9,3
"P13B3",11,"Recovery","Control",44,12.1,18.8,3
"P13B3",12,"Recovery","Control",649,17.4,18.3,3
"P13B3",13,"Recovery","Control",51,9.8,18.7,3
"P13B3",14,"Recovery","Control",555,17.2,19.3,3
"P14A1",1,"Exposure","Control",7,10.5,18.8,3
"P14A1",2,"Exposure","Control",771,18.4,18.8,3
"P14A1",3,"Exposure","Control",815,14.2,19,3
"P14A1",4,"Exposure","Control",667,14.1,18.6,3
"P14A1",5,"Exposure","Control",648,13.8,18.8,3
"P14A1",6,"Exposure","Control",668,15.2,18.1,3
"P14A1",7,"Exposure","Control",767,15.1,18.4,3
"P14A1",8,"Recovery","Control",264,15,18.9,3
"P14A1",9,"Recovery","Control",596,16,18.7,3
"P14A1",10,"Recovery","Control",770,15.9,18.7,3
"P14A1",11,"Recovery","Control",698,15.2,18.7,3
"P14A1",12,"Recovery","Control",571,17.5,18.2,3
"P14A1",13,"Recovery","Control",627,14.7,18.5,3
"P14A1",14,"Recovery","Control",517,16.7,19.1,3
"P14A2",1,"Exposure","Control",0,8.4,18.8,3
"P14A2",2,"Exposure","Control",823,15.3,18.8,3
"P14A2",3,"Exposure","Control",538,16,19,3
"P14A2",4,"Exposure","Control",611,15.3,18.6,3
"P14A2",5,"Exposure","Control",735,16.1,18.8,3
"P14A2",6,"Exposure","Control",713,16.2,18.1,3
"P14A2",7,"Exposure","Control",557,15.6,18.4,3
"P14A2",8,"Recovery","Control",0,8.7,18.9,3
"P14A2",9,"Recovery","Control",644,16.6,18.7,3
"P14A2",10,"Recovery","Control",569,17,18.7,3
"P14A2",11,"Recovery","Control",651,15.6,18.7,3
"P14A2",12,"Recovery","Control",490,15.9,18.2,3
"P14A2",13,"Recovery","Control",528,16.8,18.5,3
"P14A2",14,"Recovery","Control",568,16.2,19.1,3
"P14A3",1,"Exposure","Control",0,10,18.8,3
"P14A3",2,"Exposure","Control",377,16.2,18.8,3
"P14A3",3,"Exposure","Control",528,12.5,19,3
"P14A3",4,"Exposure","Control",395,12.4,18.6,3
"P14A3",5,"Exposure","Control",331,13,18.8,3
"P14A3",6,"Exposure","Control",367,12.8,18.1,3
"P14A3",7,"Exposure","Control",626,14.5,18.4,3
"P14A3",8,"Recovery","Control",0,7.7,18.9,3
"P14A3",9,"Recovery","Control",171,13.1,18.7,3
"P14A3",10,"Recovery","Control",281,14,18.7,3
"P14A3",11,"Recovery","Control",500,15.1,18.7,3
"P14A3",12,"Recovery","Control",513,15,18.2,3
"P14A3",13,"Recovery","Control",225,15,18.5,3
"P14A3",14,"Recovery","Control",353,15.2,19.1,3
"P14B1",1,"Exposure","Control",16,10.7,18.8,3
"P14B1",2,"Exposure","Control",776,16.8,18.8,3
"P14B1",3,"Exposure","Control",689,17.6,19,3
"P14B1",4,"Exposure","Control",9,10.9,18.6,3
"P14B1",5,"Exposure","Control",10,10.6,18.8,3
"P14B1",6,"Exposure","Control",2,9.8,18.1,3
"P14B1",7,"Exposure","Control",574,18.7,18.4,3
"P14B1",8,"Recovery","Control",0,8.3,18.9,3
"P14B1",9,"Recovery","Control",424,16.9,18.7,3
"P14B1",10,"Recovery","Control",7,10,18.7,3
"P14B1",11,"Recovery","Control",674,18.3,18.7,3
"P14B1",12,"Recovery","Control",408,18.7,18.2,3
"P14B1",13,"Recovery","Control",607,18,18.5,3
"P14B1",14,"Recovery","Control",493,17.9,19.1,3
"P14B2",1,"Exposure","Control",0,10.1,18.8,3
"P14B2",2,"Exposure","Control",614,17.6,18.8,3
"P14B2",3,"Exposure","Control",628,17.9,19,3
"P14B2",4,"Exposure","Control",594,17.8,18.6,3
"P14B2",5,"Exposure","Control",556,18.6,18.8,3
"P14B2",6,"Exposure","Control",579,18.3,18.1,3
"P14B2",7,"Exposure","Control",623,19.6,18.4,3
"P14B2",8,"Recovery","Control",0,9.3,18.9,3
"P14B2",9,"Recovery","Control",627,19.7,18.7,3
"P14B2",10,"Recovery","Control",654,17.8,18.7,3
"P14B2",11,"Recovery","Control",685,19.5,18.7,3
"P14B2",12,"Recovery","Control",659,20.2,18.2,3
"P14B2",13,"Recovery","Control",547,18.5,18.5,3
"P14B2",14,"Recovery","Control",582,18.6,19.1,3
"P14B3",1,"Exposure","Control",0,9.5,18.8,3
"P14B3",2,"Exposure","Control",775,19.1,18.8,3
"P14B3",3,"Exposure","Control",601,19.6,19,3
"P14B3",4,"Exposure","Control",618,19.3,18.6,3
"P14B3",5,"Exposure","Control",343,21,18.8,3
"P14B3",6,"Exposure","Control",689,19.6,18.1,3
"P14B3",7,"Exposure","Control",633,20.1,18.4,3
"P14B3",8,"Recovery","Control",156,17.3,18.9,3
"P14B3",9,"Recovery","Control",413,20,18.7,3
"P14B3",10,"Recovery","Control",410,20.7,18.7,3
"P14B3",11,"Recovery","Control",339,20.1,18.7,3
"P14B3",12,"Recovery","Control",402,19.1,18.2,3
"P14B3",13,"Recovery","Control",607,19.9,18.5,3
"P14B3",14,"Recovery","Control",569,21.2,19.1,3
"P15A1",1,"Exposure","Treatment",5,11.8,18.4,3
"P15A1",2,"Exposure","Treatment",706,19.4,18.6,3
"P15A1",3,"Exposure","Treatment",701,13.9,19.1,3
"P15A1",4,"Exposure","Treatment",563,14.4,18.8,3
"P15A1",5,"Exposure","Treatment",492,14.8,18.8,3
"P15A1",6,"Exposure","Treatment",623,14.9,18.4,3
"P15A1",7,"Exposure","Treatment",567,14.9,18.4,3
"P15A1",8,"Recovery","Treatment",2,7,18.8,3
"P15A1",9,"Recovery","Treatment",197,8.7,18.7,3
"P15A1",10,"Recovery","Treatment",130,7.9,18.9,3
"P15A1",11,"Recovery","Treatment",723,15.1,18.8,3
"P15A1",12,"Recovery","Treatment",590,17.3,18.2,3
"P15A1",13,"Recovery","Treatment",609,16.2,18.6,3
"P15A1",14,"Recovery","Treatment",620,13.4,19.1,3
"P15A2",1,"Exposure","Treatment",0,9.5,18.4,3
"P15A2",2,"Exposure","Treatment",849,18.1,18.6,3
"P15A2",3,"Exposure","Treatment",648,19.4,19.1,3
"P15A2",4,"Exposure","Treatment",371,17.6,18.8,3
"P15A2",5,"Exposure","Treatment",613,19.4,18.8,3
"P15A2",6,"Exposure","Treatment",622,19.2,18.4,3
"P15A2",7,"Exposure","Treatment",602,17.2,18.4,3
"P15A2",8,"Recovery","Treatment",2,10.7,18.8,3
"P15A2",9,"Recovery","Treatment",468,19.1,18.7,3
"P15A2",10,"Recovery","Treatment",602,19.1,18.9,3
"P15A2",11,"Recovery","Treatment",653,19,18.8,3
"P15A2",12,"Recovery","Treatment",673,19,18.2,3
"P15A2",13,"Recovery","Treatment",589,19.6,18.6,3
"P15A2",14,"Recovery","Treatment",591,17.4,19.1,3
"P15A3",1,"Exposure","Treatment",0,11,18.4,3
"P15A3",2,"Exposure","Treatment",631,21.5,18.6,3
"P15A3",3,"Exposure","Treatment",514,20.6,19.1,3
"P15A3",4,"Exposure","Treatment",515,14.6,18.8,3
"P15A3",5,"Exposure","Treatment",600,15.8,18.8,3
"P15A3",6,"Exposure","Treatment",30,11.8,18.4,3
"P15A3",7,"Exposure","Treatment",410,16.3,18.4,3
"P15A3",8,"Recovery","Treatment",20,9.4,18.8,3
"P15A3",9,"Recovery","Treatment",268,16.9,18.7,3
"P15A3",10,"Recovery","Treatment",341,16.1,18.9,3
"P15A3",11,"Recovery","Treatment",33,10,18.8,3
"P15A3",12,"Recovery","Treatment",616,18.6,18.2,3
"P15A3",13,"Recovery","Treatment",612,17,18.6,3
"P15A3",14,"Recovery","Treatment",532,16.9,19.1,3
"P15B1",1,"Exposure","Treatment",2,13.4,18.4,3
"P15B1",2,"Exposure","Treatment",490,12.8,18.6,3
"P15B1",3,"Exposure","Treatment",546,13.8,19.1,3
"P15B1",4,"Exposure","Treatment",0,7.1,18.8,3
"P15B1",5,"Exposure","Treatment",0,7.5,18.8,3
"P15B1",6,"Exposure","Treatment",358,14.8,18.4,3
"P15B1",7,"Exposure","Treatment",305,15.2,18.4,3
"P15B1",8,"Recovery","Treatment",0,7.7,18.8,3
"P15B1",9,"Recovery","Treatment",235,14.6,18.7,3
"P15B1",10,"Recovery","Treatment",424,14.6,18.9,3
"P15B1",11,"Recovery","Treatment",0,7.2,18.8,3
"P15B1",12,"Recovery","Treatment",325,15.6,18.2,3
"P15B1",13,"Recovery","Treatment",317,14.8,18.6,3
"P15B1",14,"Recovery","Treatment",397,12.9,19.1,3
"P15B2",1,"Exposure","Treatment",26,11.2,18.4,3
"P15B2",2,"Exposure","Treatment",278,10.5,18.6,3
"P15B2",3,"Exposure","Treatment",591,17.2,19.1,3
"P15B2",4,"Exposure","Treatment",358,15.9,18.8,3
"P15B2",5,"Exposure","Treatment",601,18.3,18.8,3
"P15B2",6,"Exposure","Treatment",482,17.9,18.4,3
"P15B2",7,"Exposure","Treatment",386,17.8,18.4,3
"P15B2",8,"Recovery","Treatment",71,17.7,18.8,3
"P15B2",9,"Recovery","Treatment",251,16.6,18.7,3
"P15B2",10,"Recovery","Treatment",3,9.7,18.9,3
"P15B2",11,"Recovery","Treatment",490,17.8,18.8,3
"P15B2",12,"Recovery","Treatment",495,18,18.2,3
"P15B2",13,"Recovery","Treatment",443,16.3,18.6,3
"P15B2",14,"Recovery","Treatment",567,17.5,19.1,3
"P15B3",1,"Exposure","Treatment",0,7.8,18.4,3
"P15B3",2,"Exposure","Treatment",744,15.2,18.6,3
"P15B3",3,"Exposure","Treatment",527,16,19.1,3
"P15B3",4,"Exposure","Treatment",678,15.4,18.8,3
"P15B3",5,"Exposure","Treatment",648,14.7,18.8,3
"P15B3",6,"Exposure","Treatment",508,15.8,18.4,3
"P15B3",7,"Exposure","Treatment",747,16.5,18.4,3
"P15B3",8,"Recovery","Treatment",212,15.9,18.8,3
"P15B3",9,"Recovery","Treatment",324,15.9,18.7,3
"P15B3",10,"Recovery","Treatment",478,15.5,18.9,3
"P15B3",11,"Recovery","Treatment",138,15.9,18.8,3
"P15B3",12,"Recovery","Treatment",498,16.3,18.2,3
"P15B3",13,"Recovery","Treatment",322,13.6,18.6,3
"P15B3",14,"Recovery","Treatment",592,15.1,19.1,3
"P16A1",1,"Exposure","Treatment",2,8.9,18.4,3
"P16A1",2,"Exposure","Treatment",430,18.1,18.8,3
"P16A1",3,"Exposure","Treatment",335,17.9,19.4,3
"P16A1",4,"Exposure","Treatment",354,18.2,18.5,3
"P16A1",5,"Exposure","Treatment",625,19.8,18.9,3
"P16A1",6,"Exposure","Treatment",289,17.6,18.6,3
"P16A1",7,"Exposure","Treatment",274,18.8,18.3,3
"P16A1",8,"Recovery","Treatment",0,9.5,18.6,3
"P16A1",9,"Recovery","Treatment",474,17.5,19.1,3
"P16A1",10,"Recovery","Treatment",560,16.7,18.6,3
"P16A1",11,"Recovery","Treatment",626,17.6,18.9,3
"P16A1",12,"Recovery","Treatment",507,17.8,18.4,3
"P16A1",13,"Recovery","Treatment",118,18.1,18.5,3
"P16A1",14,"Recovery","Treatment",292,18.9,19.4,3
"P16A2",1,"Exposure","Treatment",1,7.2,18.4,3
"P16A2",2,"Exposure","Treatment",1,8.5,18.8,3
"P16A2",3,"Exposure","Treatment",731,14.8,19.4,3
"P16A2",4,"Exposure","Treatment",337,12.6,18.5,3
"P16A2",5,"Exposure","Treatment",66,14.4,18.9,3
"P16A2",6,"Exposure","Treatment",0,8.2,18.6,3
"P16A2",7,"Exposure","Treatment",0,8.5,18.3,3
"P16A2",8,"Recovery","Treatment",0,7.9,18.6,3
"P16A2",9,"Recovery","Treatment",80,10.3,19.1,3
"P16A2",10,"Recovery","Treatment",311,15.8,18.6,3
"P16A2",11,"Recovery","Treatment",0,6.2,18.9,3
"P16A2",12,"Recovery","Treatment",0,8,18.4,3
"P16A2",13,"Recovery","Treatment",0,7.5,18.5,3
"P16A2",14,"Recovery","Treatment",0,7.2,19.4,3
"P16A3",1,"Exposure","Treatment",6,9.1,18.4,3
"P16A3",2,"Exposure","Treatment",318,18.9,18.8,3
"P16A3",3,"Exposure","Treatment",643,14.3,19.4,3
"P16A3",4,"Exposure","Treatment",732,15,18.5,3
"P16A3",5,"Exposure","Treatment",105,16,18.9,3
"P16A3",6,"Exposure","Treatment",495,13.8,18.6,3
"P16A3",7,"Exposure","Treatment",644,15.1,18.3,3
"P16A3",8,"Recovery","Treatment",2,8.2,18.6,3
"P16A3",9,"Recovery","Treatment",547,15.6,19.1,3
"P16A3",10,"Recovery","Treatment",36,10.5,18.6,3
"P16A3",11,"Recovery","Treatment",388,16.1,18.9,3
"P16A3",12,"Recovery","Treatment",610,16.3,18.4,3
"P16A3",13,"Recovery","Treatment",515,15.5,18.5,3
"P16A3",14,"Recovery","Treatment",506,16.5,19.4,3
"P16B1",1,"Exposure","Treatment",0,10.1,18.4,3
"P16B1",2,"Exposure","Treatment",0,10,18.8,3
"P16B1",3,"Exposure","Treatment",2,10.9,19.4,3
"P16B1",4,"Exposure","Treatment",20,13.1,18.5,3
"P16B1",5,"Exposure","Treatment",328,19.1,18.9,3
"P16B1",6,"Exposure","Treatment",24,10,18.6,3
"P16B1",7,"Exposure","Treatment",329,17.5,18.3,3
"P16B1",8,"Recovery","Treatment",3,9.9,18.6,3
"P16B1",9,"Recovery","Treatment",454,19.5,19.1,3
"P16B1",10,"Recovery","Treatment",438,18.9,18.6,3
"P16B1",11,"Recovery","Treatment",34,8.9,18.9,3
"P16B1",12,"Recovery","Treatment",273,18,18.4,3
"P16B1",13,"Recovery","Treatment",0,9.4,18.5,3
"P16B1",14,"Recovery","Treatment",32,14.6,19.4,3
"P16B2",1,"Exposure","Treatment",0,4.2,18.4,3
"P16B2",2,"Exposure","Treatment",4,9.4,18.8,3
"P16B2",3,"Exposure","Treatment",526,15.1,19.4,3
"P16B2",4,"Exposure","Treatment",7,11.1,18.5,3
"P16B2",5,"Exposure","Treatment",413,16.2,18.9,3
"P16B2",6,"Exposure","Treatment",448,16.4,18.6,3
"P16B2",7,"Exposure","Treatment",338,16.6,18.3,3
"P16B2",8,"Recovery","Treatment",5,8.9,18.6,3
"P16B2",9,"Recovery","Treatment",655,17,19.1,3
"P16B2",10,"Recovery","Treatment",754,18.4,18.6,3
"P16B2",11,"Recovery","Treatment",529,17.5,18.9,3
"P16B2",12,"Recovery","Treatment",533,18.4,18.4,3
"P16B2",13,"Recovery","Treatment",478,16.5,18.5,3
"P16B2",14,"Recovery","Treatment",484,17.1,19.4,3
"P16B3",1,"Exposure","Treatment",19,7.6,18.4,3
"P16B3",2,"Exposure","Treatment",17,8.3,18.8,3
"P16B3",3,"Exposure","Treatment",409,15.9,19.4,3
"P16B3",4,"Exposure","Treatment",177,11.4,18.5,3
"P16B3",5,"Exposure","Treatment",224,15.7,18.9,3
"P16B3",6,"Exposure","Treatment",523,16.2,18.6,3
"P16B3",7,"Exposure","Treatment",252,15.2,18.3,3
"P16B3",8,"Recovery","Treatment",311,14.4,18.6,3
"P16B3",9,"Recovery","Treatment",470,15.8,19.1,3
"P16B3",10,"Recovery","Treatment",535,16.8,18.6,3
"P16B3",11,"Recovery","Treatment",604,16.2,18.9,3
"P16B3",12,"Recovery","Treatment",403,13.5,18.4,3
"P16B3",13,"Recovery","Treatment",362,16.6,18.5,3
"P16B3",14,"Recovery","Treatment",420,15.5,19.4,3
"P17A1",1,"Exposure","Control",2,8.7,18.1,3
"P17A1",2,"Exposure","Control",766,17.5,18.9,3
"P17A1",3,"Exposure","Control",673,16.3,19,3
"P17A1",4,"Exposure","Control",605,16.9,18.6,3
"P17A1",5,"Exposure","Control",546,16.7,18.8,3
"P17A1",6,"Exposure","Control",527,17.9,18.3,3
"P17A1",7,"Exposure","Control",526,16.7,18.8,3
"P17A1",8,"Recovery","Control",17,8.4,18.5,3
"P17A1",9,"Recovery","Control",661,18.2,19.3,3
"P17A1",10,"Recovery","Control",320,18,18.8,3
"P17A1",11,"Recovery","Control",568,18.2,19,3
"P17A1",12,"Recovery","Control",464,17.9,18.3,3
"P17A1",13,"Recovery","Control",681,17.8,18.5,3
"P17A1",14,"Recovery","Control",647,17.4,19.3,3
"P17A2",1,"Exposure","Control",9,9.7,18.1,3
"P17A2",2,"Exposure","Control",608,17.9,18.9,3
"P17A2",3,"Exposure","Control",234,18.6,19,3
"P17A2",4,"Exposure","Control",98,10.4,18.6,3
"P17A2",5,"Exposure","Control",609,18.9,18.8,3
"P17A2",6,"Exposure","Control",634,20.2,18.3,3
"P17A2",7,"Exposure","Control",382,18.8,18.8,3
"P17A2",8,"Recovery","Control",0,9.1,18.5,3
"P17A2",9,"Recovery","Control",686,18.5,19.3,3
"P17A2",10,"Recovery","Control",319,20.4,18.8,3
"P17A2",11,"Recovery","Control",32,11,19,3
"P17A2",12,"Recovery","Control",486,19.7,18.3,3
"P17A2",13,"Recovery","Control",233,19.1,18.5,3
"P17A2",14,"Recovery","Control",362,14,19.3,3
"P17A3",1,"Exposure","Control",79,17.7,18.1,3
"P17A3",2,"Exposure","Control",566,17.4,18.9,3
"P17A3",3,"Exposure","Control",486,17.8,19,3
"P17A3",4,"Exposure","Control",398,17.9,18.6,3
"P17A3",5,"Exposure","Control",419,16.3,18.8,3
"P17A3",6,"Exposure","Control",226,6.9,18.3,3
"P17A3",7,"Exposure","Control",367,5.6,18.8,3
"P17A3",8,"Recovery","Control",11,3.1,18.5,3
"P17A3",9,"Recovery","Control",457,4.4,19.3,3
"P17A3",10,"Recovery","Control",291,3.5,18.8,3
"P17A3",11,"Recovery","Control",370,2.8,19,3
"P17A3",12,"Recovery","Control",26,1.8,18.3,3
"P17A3",13,"Recovery","Control",0,1.8,18.5,3
"P17A3",14,"Recovery","Control",0,2.7,19.3,3
"P17B1",1,"Exposure","Control",0,9.7,18.1,3
"P17B1",2,"Exposure","Control",755,18.5,18.9,3
"P17B1",3,"Exposure","Control",758,20.6,19,3
"P17B1",4,"Exposure","Control",620,20.3,18.6,3
"P17B1",5,"Exposure","Control",653,19.2,18.8,3
"P17B1",6,"Exposure","Control",648,21.4,18.3,3
"P17B1",7,"Exposure","Control",467,18.8,18.8,3
"P17B1",8,"Recovery","Control",17,9.2,18.5,3
"P17B1",9,"Recovery","Control",632,20,19.3,3
"P17B1",10,"Recovery","Control",411,19.3,18.8,3
"P17B1",11,"Recovery","Control",505,18.3,19,3
"P17B1",12,"Recovery","Control",315,20.2,18.3,3
"P17B1",13,"Recovery","Control",532,19.4,18.5,3
"P17B1",14,"Recovery","Control",559,18.5,19.3,3
"P17B2",1,"Exposure","Control",62,8.3,18.1,3
"P17B2",2,"Exposure","Control",463,18.8,18.9,3
"P17B2",3,"Exposure","Control",609,18.9,19,3
"P17B2",4,"Exposure","Control",612,19.6,18.6,3
"P17B2",5,"Exposure","Control",617,20.1,18.8,3
"P17B2",6,"Exposure","Control",593,19.4,18.3,3
"P17B2",7,"Exposure","Control",651,19.1,18.8,3
"P17B2",8,"Recovery","Control",65,11.4,18.5,3
"P17B2",9,"Recovery","Control",485,19,19.3,3
"P17B2",10,"Recovery","Control",448,19.2,18.8,3
"P17B2",11,"Recovery","Control",442,19.7,19,3
"P17B2",12,"Recovery","Control",427,19,18.3,3
"P17B2",13,"Recovery","Control",516,18.3,18.5,3
"P17B2",14,"Recovery","Control",352,17.9,19.3,3
"P17B3",1,"Exposure","Control",67,14.4,18.1,3
"P17B3",2,"Exposure","Control",789,17.2,18.9,3
"P17B3",3,"Exposure","Control",553,17.2,19,3
"P17B3",4,"Exposure","Control",603,18.8,18.6,3
"P17B3",5,"Exposure","Control",635,18.6,18.8,3
"P17B3",6,"Exposure","Control",521,18.9,18.3,3
"P17B3",7,"Exposure","Control",675,16.6,18.8,3
"P17B3",8,"Recovery","Control",10,9.3,18.5,3
"P17B3",9,"Recovery","Control",378,15.6,19.3,3
"P17B3",10,"Recovery","Control",288,18.9,18.8,3
"P17B3",11,"Recovery","Control",291,19.2,19,3
"P17B3",12,"Recovery","Control",247,18,18.3,3
"P17B3",13,"Recovery","Control",457,16.4,18.5,3
"P17B3",14,"Recovery","Control",376,15.6,19.3,3
"P18A1",1,"Exposure","Control",235,22.1,18,3
"P18A1",2,"Exposure","Control",682,23.3,18.8,3
"P18A1",3,"Exposure","Control",823,16.1,19.2,3
"P18A1",4,"Exposure","Control",620,16.7,18.5,3
"P18A1",5,"Exposure","Control",569,16.4,18.6,3
"P18A1",6,"Exposure","Control",656,17.1,18.4,3
"P18A1",7,"Exposure","Control",580,16.8,18.6,3
"P18A1",8,"Recovery","Control",189,16.1,18.8,3
"P18A1",9,"Recovery","Control",360,18.4,19.3,3
"P18A1",10,"Recovery","Control",401,16.9,18.8,3
"P18A1",11,"Recovery","Control",364,17.9,19.1,3
"P18A1",12,"Recovery","Control",451,13.6,18.2,3
"P18A1",13,"Recovery","Control",509,13.5,18.9,3
"P18A1",14,"Recovery","Control",677,12.5,19.1,3
"P18A2",1,"Exposure","Control",0,12.7,18,3
"P18A2",2,"Exposure","Control",661,16.9,18.8,3
"P18A2",3,"Exposure","Control",770,15.9,19.2,3
"P18A2",4,"Exposure","Control",501,16,18.5,3
"P18A2",5,"Exposure","Control",534,14.5,18.6,3
"P18A2",6,"Exposure","Control",5,9.6,18.4,3
"P18A2",7,"Exposure","Control",209,16.4,18.6,3
"P18A2",8,"Recovery","Control",0,7.7,18.8,3
"P18A2",9,"Recovery","Control",189,17.5,19.3,3
"P18A2",10,"Recovery","Control",119,9.8,18.8,3
"P18A2",11,"Recovery","Control",9,10.5,19.1,3
"P18A2",12,"Recovery","Control",38,11.1,18.2,3
"P18A2",13,"Recovery","Control",556,16.6,18.9,3
"P18A2",14,"Recovery","Control",590,18.4,19.1,3
"P18A3",1,"Exposure","Control",0,10.5,18,3
"P18A3",2,"Exposure","Control",408,17.4,18.8,3
"P18A3",3,"Exposure","Control",641,17,19.2,3
"P18A3",4,"Exposure","Control",659,18,18.5,3
"P18A3",5,"Exposure","Control",599,18.7,18.6,3
"P18A3",6,"Exposure","Control",554,19.2,18.4,3
"P18A3",7,"Exposure","Control",444,19.8,18.6,3
"P18A3",8,"Recovery","Control",350,13.4,18.8,3
"P18A3",9,"Recovery","Control",289,14,19.3,3
"P18A3",10,"Recovery","Control",14,8.2,18.8,3
"P18A3",11,"Recovery","Control",63,9.6,19.1,3
"P18A3",12,"Recovery","Control",33,8.9,18.2,3
"P18A3",13,"Recovery","Control",181,12.5,18.9,3
"P18A3",14,"Recovery","Control",454,13.8,19.1,3
"P18B1",1,"Exposure","Control",0,10.8,18,3
"P18B1",2,"Exposure","Control",761,18.3,18.8,3
"P18B1",3,"Exposure","Control",433,18.5,19.2,3
"P18B1",4,"Exposure","Control",8,5.8,18.5,3
"P18B1",5,"Exposure","Control",660,15,18.6,3
"P18B1",6,"Exposure","Control",29,11.3,18.4,3
"P18B1",7,"Exposure","Control",662,15.5,18.6,3
"P18B1",8,"Recovery","Control",38,7.7,18.8,3
"P18B1",9,"Recovery","Control",618,16.1,19.3,3
"P18B1",10,"Recovery","Control",352,17,18.8,3
"P18B1",11,"Recovery","Control",687,17.7,19.1,3
"P18B1",12,"Recovery","Control",493,17.6,18.2,3
"P18B1",13,"Recovery","Control",569,17,18.9,3
"P18B1",14,"Recovery","Control",743,13,19.1,3
"P18B2",1,"Exposure","Control",0,9.2,18,3
"P18B2",2,"Exposure","Control",862,16.8,18.8,3
"P18B2",3,"Exposure","Control",615,18.4,19.2,3
"P18B2",4,"Exposure","Control",567,18.2,18.5,3
"P18B2",5,"Exposure","Control",747,18.9,18.6,3
"P18B2",6,"Exposure","Control",22,10.5,18.4,3
"P18B2",7,"Exposure","Control",506,20.1,18.6,3
"P18B2",8,"Recovery","Control",0,9.8,18.8,3
"P18B2",9,"Recovery","Control",29,12.7,19.3,3
"P18B2",10,"Recovery","Control",48,12.3,18.8,3
"P18B2",11,"Recovery","Control",500,14.1,19.1,3
"P18B2",12,"Recovery","Control",662,13.5,18.2,3
"P18B2",13,"Recovery","Control",532,12.9,18.9,3
"P18B2",14,"Recovery","Control",802,13.7,19.1,3
"P18B3",1,"Exposure","Control",0,11.5,18,3
"P18B3",2,"Exposure","Control",512,22.3,18.8,3
"P18B3",3,"Exposure","Control",619,23.9,19.2,3
"P18B3",4,"Exposure","Control",543,24.4,18.5,3
"P18B3",5,"Exposure","Control",615,24.9,18.6,3
"P18B3",6,"Exposure","Control",623,22.9,18.4,3
"P18B3",7,"Exposure","Control",406,23,18.6,3
"P18B3",8,"Recovery","Control",0,11.3,18.8,3
"P18B3",9,"Recovery","Control",381,22.2,19.3,3
"P18B3",10,"Recovery","Control",372,21.5,18.8,3
"P18B3",11,"Recovery","Control",358,20.4,19.1,3
"P18B3",12,"Recovery","Control",423,23,18.2,3
"P18B3",13,"Recovery","Control",395,18.9,18.9,3
"P18B3",14,"Recovery","Control",494,19.4,19.1,3
"P19A1",1,"Exposure","Treatment",0,13.5,18,3
"P19A1",2,"Exposure","Treatment",42,10.5,18.6,3
"P19A1",3,"Exposure","Treatment",11,8.4,19.4,3
"P19A1",4,"Exposure","Treatment",275,17.3,18.8,3
"P19A1",5,"Exposure","Treatment",428,18.3,18.8,3
"P19A1",6,"Exposure","Treatment",348,17.5,18.4,3
"P19A1",7,"Exposure","Treatment",510,17.1,18.6,3
"P19A1",8,"Recovery","Treatment",36,8.2,18.5,3
"P19A1",9,"Recovery","Treatment",298,19.5,19.4,3
"P19A1",10,"Recovery","Treatment",0,9.1,18.9,3
"P19A1",11,"Recovery","Treatment",533,18.4,19.3,3
"P19A1",12,"Recovery","Treatment",243,18.1,18.1,3
"P19A1",13,"Recovery","Treatment",455,17.3,18.8,3
"P19A1",14,"Recovery","Treatment",390,16.3,19.1,3
"P19A2",1,"Exposure","Treatment",9,10.4,18,3
"P19A2",2,"Exposure","Treatment",426,18.1,18.6,3
"P19A2",3,"Exposure","Treatment",729,19.6,19.4,3
"P19A2",4,"Exposure","Treatment",320,20.8,18.8,3
"P19A2",5,"Exposure","Treatment",481,20.3,18.8,3
"P19A2",6,"Exposure","Treatment",524,18,18.4,3
"P19A2",7,"Exposure","Treatment",527,21.7,18.6,3
"P19A2",8,"Recovery","Treatment",1,10.3,18.5,3
"P19A2",9,"Recovery","Treatment",574,20.6,19.4,3
"P19A2",10,"Recovery","Treatment",487,22,18.9,3
"P19A2",11,"Recovery","Treatment",562,20.6,19.3,3
"P19A2",12,"Recovery","Treatment",519,19.5,18.1,3
"P19A2",13,"Recovery","Treatment",399,21.5,18.8,3
"P19A2",14,"Recovery","Treatment",0,9.7,19.1,3
"P19A3",1,"Exposure","Treatment",0,9.9,18,3
"P19A3",2,"Exposure","Treatment",146,11.8,18.6,3
"P19A3",3,"Exposure","Treatment",0,8.8,19.4,3
"P19A3",4,"Exposure","Treatment",174,14.7,18.8,3
"P19A3",5,"Exposure","Treatment",707,14.8,18.8,3
"P19A3",6,"Exposure","Treatment",407,15.7,18.4,3
"P19A3",7,"Exposure","Treatment",361,14.7,18.6,3
"P19A3",8,"Recovery","Treatment",11,7.4,18.5,3
"P19A3",9,"Recovery","Treatment",10,8.5,19.4,3
"P19A3",10,"Recovery","Treatment",538,14.4,18.9,3
"P19A3",11,"Recovery","Treatment",546,15.7,19.3,3
"P19A3",12,"Recovery","Treatment",14,7.6,18.1,3
"P19A3",13,"Recovery","Treatment",245,14.6,18.8,3
"P19A3",14,"Recovery","Treatment",129,14.9,19.1,3
"P19B1",1,"Exposure","Treatment",0,11.5,18,3
"P19B1",2,"Exposure","Treatment",0,9.9,18.6,3
"P19B1",3,"Exposure","Treatment",52,13,19.4,3
"P19B1",4,"Exposure","Treatment",97,10.9,18.8,3
"P19B1",5,"Exposure","Treatment",136,19.9,18.8,3
"P19B1",6,"Exposure","Treatment",574,16.2,18.4,3
"P19B1",7,"Exposure","Treatment",242,19.4,18.6,3
"P19B1",8,"Recovery","Treatment",231,19.8,18.5,3
"P19B1",9,"Recovery","Treatment",265,20.7,19.4,3
"P19B1",10,"Recovery","Treatment",574,20.6,18.9,3
"P19B1",11,"Recovery","Treatment",283,13.4,19.3,3
"P19B1",12,"Recovery","Treatment",266,10.1,18.1,3
"P19B1",13,"Recovery","Treatment",379,13,18.8,3
"P19B1",14,"Recovery","Treatment",18,7.4,19.1,3
"P19B2",1,"Exposure","Treatment",1,9.6,18,3
"P19B2",2,"Exposure","Treatment",2,11.4,18.6,3
"P19B2",3,"Exposure","Treatment",179,18.6,19.4,3
"P19B2",4,"Exposure","Treatment",255,19.1,18.8,3
"P19B2",5,"Exposure","Treatment",144,18.5,18.8,3
"P19B2",6,"Exposure","Treatment",256,17.5,18.4,3
"P19B2",7,"Exposure","Treatment",298,19,18.6,3
"P19B2",8,"Recovery","Treatment",9,12,18.5,3
"P19B2",9,"Recovery","Treatment",127,15.4,19.4,3
"P19B2",10,"Recovery","Treatment",306,19.1,18.9,3
"P19B2",11,"Recovery","Treatment",649,21,19.3,3
"P19B2",12,"Recovery","Treatment",622,14,18.1,3
"P19B2",13,"Recovery","Treatment",59,8.3,18.8,3
"P19B2",14,"Recovery","Treatment",529,12.6,19.1,3
"P19B3",1,"Exposure","Treatment",0,9,18,3
"P19B3",2,"Exposure","Treatment",480,17.7,18.6,3
"P19B3",3,"Exposure","Treatment",103,16.8,19.4,3
"P19B3",4,"Exposure","Treatment",261,16.4,18.8,3
"P19B3",5,"Exposure","Treatment",295,17.6,18.8,3
"P19B3",6,"Exposure","Treatment",518,18.5,18.4,3
"P19B3",7,"Exposure","Treatment",548,17.8,18.6,3
"P19B3",8,"Recovery","Treatment",204,18.1,18.5,3
"P19B3",9,"Recovery","Treatment",321,17.9,19.4,3
"P19B3",10,"Recovery","Treatment",576,18.9,18.9,3
"P19B3",11,"Recovery","Treatment",582,19.4,19.3,3
"P19B3",12,"Recovery","Treatment",424,18.2,18.1,3
"P19B3",13,"Recovery","Treatment",419,17.3,18.8,3
"P19B3",14,"Recovery","Treatment",44,8.9,19.1,3
"P1A1",1,"Exposure","Control",6,10,19.1,1
"P1A1",2,"Exposure","Control",675,17.8,19.7,1
"P1A1",3,"Exposure","Control",25,10.9,19.3,1
"P1A1",4,"Exposure","Control",0,11,18.6,1
"P1A1",5,"Exposure","Control",259,19.9,18.9,1
"P1A1",6,"Exposure","Control",389,16.7,18.8,1
"P1A1",7,"Exposure","Control",708,13.6,18.4,1
"P1A1",8,"Recovery","Control",21,9.9,18.3,1
"P1A1",9,"Recovery","Control",532,14.8,18.6,1
"P1A1",10,"Recovery","Control",372,16.1,18.8,1
"P1A1",11,"Recovery","Control",620,14.1,18.4,1
"P1A1",12,"Recovery","Control",371,16.6,18.6,1
"P1A1",13,"Recovery","Control",625,16.4,18.1,1
"P1A1",14,"Recovery","Control",750,17.5,19.1,1
"P1A2",1,"Exposure","Control",84,16.3,19.1,1
"P1A2",2,"Exposure","Control",112,15.3,19.7,1
"P1A2",3,"Exposure","Control",37,11,19.3,1
"P1A2",4,"Exposure","Control",104,17,18.6,1
"P1A2",5,"Exposure","Control",61,14.6,18.9,1
"P1A2",6,"Exposure","Control",193,17.7,18.8,1
"P1A2",7,"Exposure","Control",414,17.6,18.4,1
"P1A2",8,"Recovery","Control",0,9.6,18.3,1
"P1A2",9,"Recovery","Control",109,10.9,18.6,1
"P1A2",10,"Recovery","Control",324,19.5,18.8,1
"P1A2",11,"Recovery","Control",433,19.3,18.4,1
"P1A2",12,"Recovery","Control",322,19.1,18.6,1
"P1A2",13,"Recovery","Control",63,11.7,18.1,1
"P1A2",14,"Recovery","Control",375,14.8,19.1,1
"P1B1",1,"Exposure","Control",137,16.2,19.1,1
"P1B1",2,"Exposure","Control",635,17.1,19.7,1
"P1B1",3,"Exposure","Control",18,11.4,19.3,1
"P1B1",4,"Exposure","Control",121,17.1,18.6,1
"P1B1",5,"Exposure","Control",296,20.1,18.9,1
"P1B1",6,"Exposure","Control",88,13.1,18.8,1
"P1B1",7,"Exposure","Control",67,15.4,18.4,1
"P1B1",8,"Recovery","Control",422,16.4,18.3,1
"P1B1",9,"Recovery","Control",63,13.1,18.6,1
"P1B1",10,"Recovery","Control",847,14.7,18.8,1
"P1B1",11,"Recovery","Control",127,14.7,18.4,1
"P1B1",12,"Recovery","Control",389,14.5,18.6,1
"P1B1",13,"Recovery","Control",40,12,18.1,1
"P1B1",14,"Recovery","Control",618,15.4,19.1,1
"P20A1",1,"Exposure","Treatment",0,13.9,18.1,3
"P20A1",2,"Exposure","Treatment",492,28.7,18.9,3
"P20A1",3,"Exposure","Treatment",111,21.9,19.3,3
"P20A1",4,"Exposure","Treatment",75,12.4,18.8,3
"P20A1",5,"Exposure","Treatment",90,11.6,18.9,3
"P20A1",6,"Exposure","Treatment",0,10.6,18.4,3
"P20A1",7,"Exposure","Treatment",172,23.5,18.7,3
"P20A1",8,"Recovery","Treatment",37,13.3,18.5,3
"P20A1",9,"Recovery","Treatment",223,23.5,19,3
"P20A1",10,"Recovery","Treatment",6,12.2,18.5,3
"P20A1",11,"Recovery","Treatment",0,10.9,19.1,3
"P20A1",12,"Recovery","Treatment",290,22.1,18.4,3
"P20A1",13,"Recovery","Treatment",211,21.3,18.8,3
"P20A1",14,"Recovery","Treatment",320,19.6,19,3
"P20A2",1,"Exposure","Treatment",0,10,18.1,3
"P20A2",2,"Exposure","Treatment",6,9.9,18.9,3
"P20A2",3,"Exposure","Treatment",592,15.2,19.3,3
"P20A2",4,"Exposure","Treatment",778,15.4,18.8,3
"P20A2",5,"Exposure","Treatment",700,15.5,18.9,3
"P20A2",6,"Exposure","Treatment",651,15.8,18.4,3
"P20A2",7,"Exposure","Treatment",491,15.9,18.7,3
"P20A2",8,"Recovery","Treatment",57,6.7,18.5,3
"P20A2",9,"Recovery","Treatment",552,16.4,19,3
"P20A2",10,"Recovery","Treatment",34,11.5,18.5,3
"P20A2",11,"Recovery","Treatment",511,17,19.1,3
"P20A2",12,"Recovery","Treatment",260,16,18.4,3
"P20A2",13,"Recovery","Treatment",220,16.4,18.8,3
"P20A2",14,"Recovery","Treatment",313,14.6,19,3
"P20A3",1,"Exposure","Treatment",7,6.1,18.1,3
"P20A3",2,"Exposure","Treatment",44,13.5,18.9,3
"P20A3",3,"Exposure","Treatment",499,17.3,19.3,3
"P20A3",4,"Exposure","Treatment",493,15.3,18.8,3
"P20A3",5,"Exposure","Treatment",0,8.8,18.9,3
"P20A3",6,"Exposure","Treatment",248,15.8,18.4,3
"P20A3",7,"Exposure","Treatment",370,15.7,18.7,3
"P20A3",8,"Recovery","Treatment",2,8.2,18.5,3
"P20A3",9,"Recovery","Treatment",530,18.5,19,3
"P20A3",10,"Recovery","Treatment",389,19,18.5,3
"P20A3",11,"Recovery","Treatment",516,16.9,19.1,3
"P20A3",12,"Recovery","Treatment",471,18.6,18.4,3
"P20A3",13,"Recovery","Treatment",471,17.7,18.8,3
"P20A3",14,"Recovery","Treatment",356,16.8,19,3
"P20B1",1,"Exposure","Treatment",52,12.1,18.1,3
"P20B1",2,"Exposure","Treatment",659,18.4,18.9,3
"P20B1",3,"Exposure","Treatment",213,14.3,19.3,3
"P20B1",4,"Exposure","Treatment",309,13.9,18.8,3
"P20B1",5,"Exposure","Treatment",421,15.2,18.9,3
"P20B1",6,"Exposure","Treatment",240,16.6,18.4,3
"P20B1",7,"Exposure","Treatment",258,14.2,18.7,3
"P20B1",8,"Recovery","Treatment",668,16.9,18.5,3
"P20B1",9,"Recovery","Treatment",349,17.3,19,3
"P20B1",10,"Recovery","Treatment",220,16.6,18.5,3
"P20B1",11,"Recovery","Treatment",553,17.2,19.1,3
"P20B1",12,"Recovery","Treatment",268,18.2,18.4,3
"P20B1",13,"Recovery","Treatment",563,17.2,18.8,3
"P20B1",14,"Recovery","Treatment",604,15.9,19,3
"P20B2",1,"Exposure","Treatment",0,8.8,18.1,3
"P20B2",2,"Exposure","Treatment",39,10.4,18.9,3
"P20B2",3,"Exposure","Treatment",526,18.2,19.3,3
"P20B2",4,"Exposure","Treatment",0,9.7,18.8,3
"P20B2",5,"Exposure","Treatment",383,17,18.9,3
"P20B2",6,"Exposure","Treatment",8,9.5,18.4,3
"P20B2",7,"Exposure","Treatment",362,16.2,18.7,3
"P20B2",8,"Recovery","Treatment",2,8.7,18.5,3
"P20B2",9,"Recovery","Treatment",342,17.7,19,3
"P20B2",10,"Recovery","Treatment",554,17,18.5,3
"P20B2",11,"Recovery","Treatment",388,17.4,19.1,3
"P20B2",12,"Recovery","Treatment",588,17.3,18.4,3
"P20B2",13,"Recovery","Treatment",275,17.5,18.8,3
"P20B2",14,"Recovery","Treatment",393,16.5,19,3
"P20B3",1,"Exposure","Treatment",0,14.2,18.1,3
"P20B3",2,"Exposure","Treatment",0,11.4,18.9,3
"P20B3",3,"Exposure","Treatment",0,5.7,19.3,3
"P20B3",4,"Exposure","Treatment",0,3.2,18.8,3
"P20B3",5,"Exposure","Treatment",0,4.7,18.9,3
"P20B3",6,"Exposure","Treatment",0,4.5,18.4,3
"P20B3",7,"Exposure","Treatment",49,7.9,18.7,3
"P20B3",8,"Recovery","Treatment",0,7.1,18.5,3
"P20B3",9,"Recovery","Treatment",70,7.9,19,3
"P20B3",10,"Recovery","Treatment",68,8.7,18.5,3
"P20B3",11,"Recovery","Treatment",26,7.6,19.1,3
"P20B3",12,"Recovery","Treatment",179,11.3,18.4,3
"P20B3",13,"Recovery","Treatment",487,12.7,18.8,3
"P20B3",14,"Recovery","Treatment",335,11.3,19,3
"P2A1",1,"Exposure","Control",158,15.7,19.3,1
"P2A1",2,"Exposure","Control",62,15.9,19.8,1
"P2A1",3,"Exposure","Control",628,17.6,18.8,1
"P2A1",4,"Exposure","Control",4,11.4,18.8,1
"P2A1",5,"Exposure","Control",0,10.7,18.8,1
"P2A1",6,"Exposure","Control",809,15.6,18.6,1
"P2A1",7,"Exposure","Control",73,9.9,18.6,1
"P2A1",8,"Recovery","Control",32,8.1,18.4,1
"P2A1",9,"Recovery","Control",124,13.5,18.4,1
"P2A1",10,"Recovery","Control",11,9.7,18.8,1
"P2A1",11,"Recovery","Control",539,14.4,18.5,1
"P2A1",12,"Recovery","Control",722,15.5,18.6,1
"P2A1",13,"Recovery","Control",516,16.7,18.3,1
"P2A1",14,"Recovery","Control",3,10.3,18.9,1
"P2A2",1,"Exposure","Control",5,9.4,19.3,1
"P2A2",2,"Exposure","Control",46,15.4,19.8,1
"P2A2",3,"Exposure","Control",181,15.7,18.8,1
"P2A2",4,"Exposure","Control",375,18.6,18.8,1
"P2A2",5,"Exposure","Control",439,18.6,18.8,1
"P2A2",6,"Exposure","Control",2,11,18.6,1
"P2A2",7,"Exposure","Control",728,12.9,18.6,1
"P2A2",8,"Recovery","Control",0,8.2,18.4,1
"P2A2",9,"Recovery","Control",654,14.7,18.4,1
"P2A2",10,"Recovery","Control",214,14.3,18.8,1
"P2A2",11,"Recovery","Control",551,15.2,18.5,1
"P2A2",12,"Recovery","Control",507,16.6,18.6,1
"P2A2",13,"Recovery","Control",3,9.5,18.3,1
"P2A2",14,"Recovery","Control",0,9.6,18.9,1
"P2A3",1,"Exposure","Control",24,9.7,19.3,1
"P2A3",2,"Exposure","Control",603,16.3,19.8,1
"P2A3",3,"Exposure","Control",433,20.1,18.8,1
"P2A3",4,"Exposure","Control",1,11.9,18.8,1
"P2A3",5,"Exposure","Control",127,19.4,18.8,1
"P2A3",6,"Exposure","Control",589,20.8,18.6,1
"P2A3",7,"Exposure","Control",48,17,18.6,1
"P2A3",8,"Recovery","Control",326,19.7,18.4,1
"P2A3",9,"Recovery","Control",5,13.9,18.4,1
"P2A3",10,"Recovery","Control",519,21.7,18.8,1
"P2A3",11,"Recovery","Control",5,12.8,18.5,1
"P2A3",12,"Recovery","Control",743,21.9,18.6,1
"P2A3",13,"Recovery","Control",84,14.4,18.3,1
"P2A3",14,"Recovery","Control",0,11.7,18.9,1
"P2B1",1,"Exposure","Control",91,14.6,19.3,1
"P2B1",2,"Exposure","Control",71,13.1,19.8,1
"P2B1",3,"Exposure","Control",674,15.9,18.8,1
"P2B1",4,"Exposure","Control",72,10.2,18.8,1
"P2B1",5,"Exposure","Control",104,15.7,18.8,1
"P2B1",6,"Exposure","Control",101,15.2,18.6,1
"P2B1",7,"Exposure","Control",4,13.6,18.6,1
"P2B1",8,"Recovery","Control",5,9.1,18.4,1
"P2B1",9,"Recovery","Control",116,15.3,18.4,1
"P2B1",10,"Recovery","Control",544,16.5,18.8,1
"P2B1",11,"Recovery","Control",348,9.7,18.5,1
"P2B1",12,"Recovery","Control",19,11.4,18.6,1
"P2B1",13,"Recovery","Control",27,12,18.3,1
"P2B1",14,"Recovery","Control",172,15.8,18.9,1
"P2B2",1,"Exposure","Control",222,14.7,19.3,1
"P2B2",2,"Exposure","Control",181,17.3,19.8,1
"P2B2",3,"Exposure","Control",540,16.9,18.8,1
"P2B2",4,"Exposure","Control",337,17.8,18.8,1
"P2B2",5,"Exposure","Control",375,17,18.8,1
"P2B2",6,"Exposure","Control",4,13.4,18.6,1
"P2B2",7,"Exposure","Control",308,18,18.6,1
"P2B2",8,"Recovery","Control",257,18.9,18.4,1
"P2B2",9,"Recovery","Control",618,18.8,18.4,1
"P2B2",10,"Recovery","Control",673,19.2,18.8,1
"P2B2",11,"Recovery","Control",27,11.3,18.5,1
"P2B2",12,"Recovery","Control",403,18.8,18.6,1
"P2B2",13,"Recovery","Control",3,9.9,18.3,1
"P2B2",14,"Recovery","Control",10,11,18.9,1
"P2B3",1,"Exposure","Control",17,8.9,19.3,1
"P2B3",2,"Exposure","Control",3,8.2,19.8,1
"P2B3",3,"Exposure","Control",14,8.6,18.8,1
"P2B3",4,"Exposure","Control",628,15.9,18.8,1
"P2B3",5,"Exposure","Control",2,8.4,18.8,1
"P2B3",6,"Exposure","Control",400,15.8,18.6,1
"P2B3",7,"Exposure","Control",509,15.7,18.6,1
"P2B3",8,"Recovery","Control",9,7.5,18.4,1
"P2B3",9,"Recovery","Control",281,17.2,18.4,1
"P2B3",10,"Recovery","Control",528,18.4,18.8,1
"P2B3",11,"Recovery","Control",194,18.1,18.5,1
"P2B3",12,"Recovery","Control",379,18.5,18.6,1
"P2B3",13,"Recovery","Control",0,10,18.3,1
"P2B3",14,"Recovery","Control",0,9,18.9,1
"P3A1",1,"Exposure","Treatment",0,8.4,19.3,1
"P3A1",2,"Exposure","Treatment",556,15.7,19.6,1
"P3A1",3,"Exposure","Treatment",831,15.9,18.9,1
"P3A1",4,"Exposure","Treatment",8,9.8,18.6,1
"P3A1",5,"Exposure","Treatment",775,15.4,18.8,1
"P3A1",6,"Exposure","Treatment",749,18,18.7,1
"P3A1",7,"Exposure","Treatment",12,12.9,18.6,1
"P3A1",8,"Recovery","Treatment",10,12.1,18.4,1
"P3A1",9,"Recovery","Treatment",0,9.4,18.2,1
"P3A1",10,"Recovery","Treatment",613,18.6,18.9,1
"P3A1",11,"Recovery","Treatment",914,15.8,18.9,1
"P3A1",12,"Recovery","Treatment",289,18.4,18.8,1
"P3A1",13,"Recovery","Treatment",0,9.8,18.8,1
"P3A1",14,"Recovery","Treatment",639,18.3,18.9,1
"P3A2",1,"Exposure","Treatment",326,16.8,19.3,1
"P3A2",2,"Exposure","Treatment",833,15.5,19.6,1
"P3A2",3,"Exposure","Treatment",0,7.8,18.9,1
"P3A2",4,"Exposure","Treatment",1,8.1,18.6,1
"P3A2",5,"Exposure","Treatment",11,8.1,18.8,1
"P3A2",6,"Exposure","Treatment",2,9.9,18.7,1
"P3A2",7,"Exposure","Treatment",127,8.2,18.6,1
"P3A2",8,"Recovery","Treatment",0,9.1,18.4,1
"P3A2",9,"Recovery","Treatment",647,17.7,18.2,1
"P3A2",10,"Recovery","Treatment",14,10.2,18.9,1
"P3A2",11,"Recovery","Treatment",472,16.3,18.9,1
"P3A2",12,"Recovery","Treatment",7,11,18.8,1
"P3A2",13,"Recovery","Treatment",580,16.5,18.8,1
"P3A2",14,"Recovery","Treatment",634,17.7,18.9,1
"P3A3",1,"Exposure","Treatment",3,7.2,19.3,1
"P3A3",2,"Exposure","Treatment",766,18.8,19.6,1
"P3A3",3,"Exposure","Treatment",449,16.7,18.9,1
"P3A3",4,"Exposure","Treatment",4,11.5,18.6,1
"P3A3",5,"Exposure","Treatment",26,7.4,18.8,1
"P3A3",6,"Exposure","Treatment",396,15.8,18.7,1
"P3A3",7,"Exposure","Treatment",19,9.2,18.6,1
"P3A3",8,"Recovery","Treatment",4,9.7,18.4,1
"P3A3",9,"Recovery","Treatment",449,16,18.2,1
"P3A3",10,"Recovery","Treatment",9,11.2,18.9,1
"P3A3",11,"Recovery","Treatment",73,12.5,18.9,1
"P3A3",12,"Recovery","Treatment",30,12.1,18.8,1
"P3A3",13,"Recovery","Treatment",214,12.7,18.8,1
"P3A3",14,"Recovery","Treatment",45,11.6,18.9,1
"P3B1",1,"Exposure","Treatment",0,9.5,19.3,1
"P3B1",2,"Exposure","Treatment",703,19.2,19.6,1
"P3B1",3,"Exposure","Treatment",18,11.9,18.9,1
"P3B1",4,"Exposure","Treatment",0,13,18.6,1
"P3B1",5,"Exposure","Treatment",5,11.9,18.8,1
"P3B1",6,"Exposure","Treatment",1,12.4,18.7,1
"P3B1",7,"Exposure","Treatment",0,15.5,18.6,1
"P3B1",8,"Recovery","Treatment",161,20.3,18.4,1
"P3B1",9,"Recovery","Treatment",306,23.2,18.2,1
"P3B1",10,"Recovery","Treatment",12,14.4,18.9,1
"P3B1",11,"Recovery","Treatment",468,23.9,18.9,1
"P3B1",12,"Recovery","Treatment",3,15.8,18.8,1
"P3B1",13,"Recovery","Treatment",450,15.7,18.8,1
"P3B1",14,"Recovery","Treatment",14,9,18.9,1
"P3B2",1,"Exposure","Treatment",13,7.7,19.3,1
"P3B2",2,"Exposure","Treatment",834,18.6,19.6,1
"P3B2",3,"Exposure","Treatment",0,9.5,18.9,1
"P3B2",4,"Exposure","Treatment",309,18.3,18.6,1
"P3B2",5,"Exposure","Treatment",58,13.1,18.8,1
"P3B2",6,"Exposure","Treatment",281,19,18.7,1
"P3B2",7,"Exposure","Treatment",13,11.5,18.6,1
"P3B2",8,"Recovery","Treatment",589,20.9,18.4,1
"P3B2",9,"Recovery","Treatment",594,18.4,18.2,1
"P3B2",10,"Recovery","Treatment",227,13.6,18.9,1
"P3B2",11,"Recovery","Treatment",500,13.9,18.9,1
"P3B2",12,"Recovery","Treatment",310,13.9,18.8,1
"P3B2",13,"Recovery","Treatment",406,14.4,18.8,1
"P3B2",14,"Recovery","Treatment",350,14.4,18.9,1
"P3B3",1,"Exposure","Treatment",9,9.2,19.3,1
"P3B3",2,"Exposure","Treatment",689,16.6,19.6,1
"P3B3",3,"Exposure","Treatment",15,12.1,18.9,1
"P3B3",4,"Exposure","Treatment",1,11.1,18.6,1
"P3B3",5,"Exposure","Treatment",17,11.6,18.8,1
"P3B3",6,"Exposure","Treatment",3,11.8,18.7,1
"P3B3",7,"Exposure","Treatment",242,20.2,18.6,1
"P3B3",8,"Recovery","Treatment",337,20.3,18.4,1
"P3B3",9,"Recovery","Treatment",536,18.1,18.2,1
"P3B3",10,"Recovery","Treatment",514,21.1,18.9,1
"P3B3",11,"Recovery","Treatment",628,20.1,18.9,1
"P3B3",12,"Recovery","Treatment",360,20.3,18.8,1
"P3B3",13,"Recovery","Treatment",625,20.2,18.8,1
"P3B3",14,"Recovery","Treatment",404,19.3,18.9,1
"P4A1",1,"Exposure","Treatment",35,9.1,19.4,1
"P4A1",2,"Exposure","Treatment",19,12,19.3,1
"P4A1",3,"Exposure","Treatment",14,8.3,19.1,1
"P4A1",4,"Exposure","Treatment",248,12.8,18.6,1
"P4A1",5,"Exposure","Treatment",483,15.5,18.8,1
"P4A1",6,"Exposure","Treatment",133,10.7,18.9,1
"P4A1",7,"Exposure","Treatment",1,10.9,18.9,1
"P4A1",8,"Recovery","Treatment",182,16.2,18,1
"P4A1",9,"Recovery","Treatment",104,18.8,18.3,1
"P4A1",10,"Recovery","Treatment",4,10.5,18.7,1
"P4A1",11,"Recovery","Treatment",165,18.3,18.8,1
"P4A1",12,"Recovery","Treatment",409,17.2,18.5,1
"P4A1",13,"Recovery","Treatment",504,18.9,18.5,1
"P4A1",14,"Recovery","Treatment",529,11.5,19.3,1
"P4A2",1,"Exposure","Treatment",0,10.1,19.4,1
"P4A2",2,"Exposure","Treatment",91,11.4,19.3,1
"P4A2",3,"Exposure","Treatment",1,10.4,19.1,1
"P4A2",4,"Exposure","Treatment",0,9,18.6,1
"P4A2",5,"Exposure","Treatment",8,10.9,18.8,1
"P4A2",6,"Exposure","Treatment",0,12.6,18.9,1
"P4A2",7,"Exposure","Treatment",18,5.7,18.9,1
"P4A2",8,"Recovery","Treatment",15,6.5,18,1
"P4A2",9,"Recovery","Treatment",306,15.3,18.3,1
"P4A2",10,"Recovery","Treatment",1,7.9,18.7,1
"P4A2",11,"Recovery","Treatment",18,10.3,18.8,1
"P4A2",12,"Recovery","Treatment",39,9,18.5,1
"P4A2",13,"Recovery","Treatment",393,14.6,18.5,1
"P4A2",14,"Recovery","Treatment",0,9.1,19.3,1
"P4A3",1,"Exposure","Treatment",0,8.9,19.4,1
"P4A3",2,"Exposure","Treatment",567,16.6,19.3,1
"P4A3",3,"Exposure","Treatment",47,8.3,19.1,1
"P4A3",4,"Exposure","Treatment",9,7.8,18.6,1
"P4A3",5,"Exposure","Treatment",7,9.4,18.8,1
"P4A3",6,"Exposure","Treatment",323,16.8,18.9,1
"P4A3",7,"Exposure","Treatment",282,17.1,18.9,1
"P4A3",8,"Recovery","Treatment",407,17.1,18,1
"P4A3",9,"Recovery","Treatment",338,17.8,18.3,1
"P4A3",10,"Recovery","Treatment",632,17.7,18.7,1
"P4A3",11,"Recovery","Treatment",31,11.7,18.8,1
"P4A3",12,"Recovery","Treatment",665,20.8,18.5,1
"P4A3",13,"Recovery","Treatment",673,20.1,18.5,1
"P4A3",14,"Recovery","Treatment",643,14.4,19.3,1
"P4B1",1,"Exposure","Treatment",1,9.6,19.4,1
"P4B1",2,"Exposure","Treatment",243,15.3,19.3,1
"P4B1",3,"Exposure","Treatment",66,11.8,19.1,1
"P4B1",4,"Exposure","Treatment",9,12.1,18.6,1
"P4B1",5,"Exposure","Treatment",31,10.4,18.8,1
"P4B1",6,"Exposure","Treatment",0,11.5,18.9,1
"P4B1",7,"Exposure","Treatment",279,13.8,18.9,1
"P4B1",8,"Recovery","Treatment",26,8.7,18,1
"P4B1",9,"Recovery","Treatment",315,14.4,18.3,1
"P4B1",10,"Recovery","Treatment",177,15.5,18.7,1
"P4B1",11,"Recovery","Treatment",152,8.3,18.8,1
"P4B1",12,"Recovery","Treatment",652,14.1,18.5,1
"P4B1",13,"Recovery","Treatment",96,11.7,18.5,1
"P4B1",14,"Recovery","Treatment",552,18.7,19.3,1
"P4B2",1,"Exposure","Treatment",1,8.5,19.4,1
"P4B2",2,"Exposure","Treatment",4,9.4,19.3,1
"P4B2",3,"Exposure","Treatment",581,16,19.1,1
"P4B2",4,"Exposure","Treatment",0,9.5,18.6,1
"P4B2",5,"Exposure","Treatment",33,11.1,18.8,1
"P4B2",6,"Exposure","Treatment",421,18.8,18.9,1
"P4B2",7,"Exposure","Treatment",427,18.9,18.9,1
"P4B2",8,"Recovery","Treatment",216,14.2,18,1
"P4B2",9,"Recovery","Treatment",670,16.1,18.3,1
"P4B2",10,"Recovery","Treatment",5,11.5,18.7,1
"P4B2",11,"Recovery","Treatment",18,11.4,18.8,1
"P4B2",12,"Recovery","Treatment",15,11.1,18.5,1
"P4B2",13,"Recovery","Treatment",6,11.5,18.5,1
"P4B2",14,"Recovery","Treatment",84,10.5,19.3,1
"P4B3",1,"Exposure","Treatment",6,9.4,19.4,1
"P4B3",2,"Exposure","Treatment",29,9.6,19.3,1
"P4B3",3,"Exposure","Treatment",423,16.6,19.1,1
"P4B3",4,"Exposure","Treatment",298,17.6,18.6,1
"P4B3",5,"Exposure","Treatment",194,18.9,18.8,1
"P4B3",6,"Exposure","Treatment",129,11,18.9,1
"P4B3",7,"Exposure","Treatment",394,17.6,18.9,1
"P4B3",8,"Recovery","Treatment",95,14.7,18,1
"P4B3",9,"Recovery","Treatment",149,17.6,18.3,1
"P4B3",10,"Recovery","Treatment",3,10.8,18.7,1
"P4B3",11,"Recovery","Treatment",54,11.6,18.8,1
"P4B3",12,"Recovery","Treatment",183,11.1,18.5,1
"P4B3",13,"Recovery","Treatment",105,18.7,18.5,1
"P4B3",14,"Recovery","Treatment",520,14.1,19.3,1
"P5A1",1,"Exposure","Control",4,7.7,18.8,2
"P5A1",2,"Exposure","Control",735,15.3,18.5,2
"P5A1",3,"Exposure","Control",698,13.9,18.6,2
"P5A1",4,"Exposure","Control",782,13.3,18.6,2
"P5A1",5,"Exposure","Control",847,15.1,18.8,2
"P5A1",6,"Exposure","Control",232,14.1,18.8,2
"P5A1",7,"Exposure","Control",842,14.6,18.9,2
"P5A1",8,"Recovery","Control",168,8.9,18.4,2
"P5A1",9,"Recovery","Control",808,14.6,18.8,2
"P5A1",10,"Recovery","Control",502,14.7,19,2
"P5A1",11,"Recovery","Control",641,15.7,18.6,2
"P5A1",12,"Recovery","Control",317,10.3,18.8,2
"P5A1",13,"Recovery","Control",750,16.3,19.1,2
"P5A1",14,"Recovery","Control",626,14.8,18.8,2
"P5A3",1,"Exposure","Control",32,10.6,18.8,2
"P5A3",2,"Exposure","Control",28,10.1,18.5,2
"P5A3",3,"Exposure","Control",71,13.7,18.6,2
"P5A3",4,"Exposure","Control",500,14.7,18.6,2
"P5A3",5,"Exposure","Control",676,17.3,18.8,2
"P5A3",6,"Exposure","Control",46,10.2,18.8,2
"P5A3",7,"Exposure","Control",639,15.5,18.9,2
"P5A3",8,"Recovery","Control",123,14.3,18.4,2
"P5A3",9,"Recovery","Control",557,13.8,18.8,2
"P5A3",10,"Recovery","Control",317,16.2,19,2
"P5A3",11,"Recovery","Control",611,16.2,18.6,2
"P5A3",12,"Recovery","Control",541,14.7,18.8,2
"P5A3",13,"Recovery","Control",552,16.3,19.1,2
"P5A3",14,"Recovery","Control",455,15.8,18.8,2
"P5B1",1,"Exposure","Control",104,20.8,18.8,2
"P5B1",2,"Exposure","Control",346,22.2,18.5,2
"P5B1",3,"Exposure","Control",103,18.4,18.6,2
"P5B1",4,"Exposure","Control",446,18.4,18.6,2
"P5B1",5,"Exposure","Control",415,18.1,18.8,2
"P5B1",6,"Exposure","Control",515,18.8,18.8,2
"P5B1",7,"Exposure","Control",379,19.3,18.9,2
"P5B1",8,"Recovery","Control",41,13,18.4,2
"P5B1",9,"Recovery","Control",78,13.7,18.8,2
"P5B1",10,"Recovery","Control",189,19.5,19,2
"P5B1",11,"Recovery","Control",490,20.6,18.6,2
"P5B1",12,"Recovery","Control",214,22.5,18.8,2
"P5B1",13,"Recovery","Control",276,19.3,19.1,2
"P5B1",14,"Recovery","Control",357,21.2,18.8,2
"P5B2",1,"Exposure","Control",380,15.6,18.8,2
"P5B2",2,"Exposure","Control",783,19.9,18.5,2
"P5B2",3,"Exposure","Control",600,18.6,18.6,2
"P5B2",4,"Exposure","Control",3,10.4,18.6,2
"P5B2",5,"Exposure","Control",188,14.1,18.8,2
"P5B2",6,"Exposure","Control",579,18.2,18.8,2
"P5B2",7,"Exposure","Control",298,14.8,18.9,2
"P5B2",8,"Recovery","Control",38,12.5,18.4,2
"P5B2",9,"Recovery","Control",556,19.8,18.8,2
"P5B2",10,"Recovery","Control",409,11.7,19,2
"P5B2",11,"Recovery","Control",635,14.3,18.6,2
"P5B2",12,"Recovery","Control",534,12.2,18.8,2
"P5B2",13,"Recovery","Control",618,13.3,19.1,2
"P5B2",14,"Recovery","Control",743,14.1,18.8,2
"P5B3",1,"Exposure","Control",12,10.5,18.8,2
"P5B3",2,"Exposure","Control",469,17.3,18.5,2
"P5B3",3,"Exposure","Control",55,15.1,18.6,2
"P5B3",4,"Exposure","Control",7,11,18.6,2
"P5B3",5,"Exposure","Control",629,17.5,18.8,2
"P5B3",6,"Exposure","Control",8,10.9,18.8,2
"P5B3",7,"Exposure","Control",632,17.3,18.9,2
"P5B3",8,"Recovery","Control",105,15.6,18.4,2
"P5B3",9,"Recovery","Control",0,10.6,18.8,2
"P5B3",10,"Recovery","Control",196,19.9,19,2
"P5B3",11,"Recovery","Control",516,13.7,18.6,2
"P5B3",12,"Recovery","Control",378,13.7,18.8,2
"P5B3",13,"Recovery","Control",586,13.3,19.1,2
"P5B3",14,"Recovery","Control",585,11.6,18.8,2
"P6A1",1,"Exposure","Control",99,13.1,18.5,2
"P6A1",2,"Exposure","Control",941,22.6,18.6,2
"P6A1",3,"Exposure","Control",652,18.6,18.6,2
"P6A1",4,"Exposure","Control",882,14.7,18.8,2
"P6A1",5,"Exposure","Control",667,15.2,18.8,2
"P6A1",6,"Exposure","Control",630,14.9,18.5,2
"P6A1",7,"Exposure","Control",473,15.1,18.8,2
"P6A1",8,"Recovery","Control",136,15,18.6,2
"P6A1",9,"Recovery","Control",602,16.8,18.9,2
"P6A1",10,"Recovery","Control",248,16.8,19.1,2
"P6A1",11,"Recovery","Control",734,18.2,18.9,2
"P6A1",12,"Recovery","Control",611,17.9,18.5,2
"P6A1",13,"Recovery","Control",614,17.3,19,2
"P6A1",14,"Recovery","Control",720,16.5,18.8,2
"P6A2",1,"Exposure","Control",113,14.4,18.5,2
"P6A2",2,"Exposure","Control",778,20.6,18.6,2
"P6A2",3,"Exposure","Control",664,9,18.6,2
"P6A2",4,"Exposure","Control",474,18.2,18.8,2
"P6A2",5,"Exposure","Control",643,18,18.8,2
"P6A2",6,"Exposure","Control",282,16.5,18.5,2
"P6A2",7,"Exposure","Control",515,18.7,18.8,2
"P6A2",8,"Recovery","Control",31,9.4,18.6,2
"P6A2",9,"Recovery","Control",350,17.7,18.9,2
"P6A2",10,"Recovery","Control",449,17.3,19.1,2
"P6A2",11,"Recovery","Control",182,9.6,18.9,2
"P6A2",12,"Recovery","Control",444,17.1,18.5,2
"P6A2",13,"Recovery","Control",357,16.2,19,2
"P6A2",14,"Recovery","Control",617,16.2,18.8,2
"P6A3",1,"Exposure","Control",0,6.7,18.5,2
"P6A3",2,"Exposure","Control",604,15.8,18.6,2
"P6A3",3,"Exposure","Control",435,14.4,18.6,2
"P6A3",4,"Exposure","Control",409,14.9,18.8,2
"P6A3",5,"Exposure","Control",152,10.1,18.8,2
"P6A3",6,"Exposure","Control",213,14.8,18.5,2
"P6A3",7,"Exposure","Control",619,15.5,18.8,2
"P6A3",8,"Recovery","Control",0,8.4,18.6,2
"P6A3",9,"Recovery","Control",321,16.1,18.9,2
"P6A3",10,"Recovery","Control",345,15.9,19.1,2
"P6A3",11,"Recovery","Control",0,7.9,18.9,2
"P6A3",12,"Recovery","Control",475,16,18.5,2
"P6A3",13,"Recovery","Control",585,15.6,19,2
"P6A3",14,"Recovery","Control",585,15.9,18.8,2
"P6B1",1,"Exposure","Control",242,14.7,18.5,2
"P6B1",2,"Exposure","Control",859,16.2,18.6,2
"P6B1",3,"Exposure","Control",817,14,18.6,2
"P6B1",4,"Exposure","Control",841,14.9,18.8,2
"P6B1",5,"Exposure","Control",749,14.1,18.8,2
"P6B1",6,"Exposure","Control",593,13.7,18.5,2
"P6B1",7,"Exposure","Control",929,14.8,18.8,2
"P6B1",8,"Recovery","Control",250,14.6,18.6,2
"P6B1",9,"Recovery","Control",458,14.1,18.9,2
"P6B1",10,"Recovery","Control",711,14.7,19.1,2
"P6B1",11,"Recovery","Control",711,12.8,18.9,2
"P6B1",12,"Recovery","Control",704,16.1,18.5,2
"P6B1",13,"Recovery","Control",678,14.7,19,2
"P6B1",14,"Recovery","Control",740,15,18.8,2
"P6B2",1,"Exposure","Control",12,11.7,18.5,2
"P6B2",2,"Exposure","Control",87,15.6,18.6,2
"P6B2",3,"Exposure","Control",19,11.5,18.6,2
"P6B2",4,"Exposure","Control",2,11.4,18.8,2
"P6B2",5,"Exposure","Control",355,9.2,18.8,2
"P6B2",6,"Exposure","Control",20,8.7,18.5,2
"P6B2",7,"Exposure","Control",271,14.6,18.8,2
"P6B2",8,"Recovery","Control",2,7.7,18.6,2
"P6B2",9,"Recovery","Control",515,14.6,18.9,2
"P6B2",10,"Recovery","Control",542,14.5,19.1,2
"P6B2",11,"Recovery","Control",413,15.7,18.9,2
"P6B2",12,"Recovery","Control",449,15.9,18.5,2
"P6B2",13,"Recovery","Control",520,15.5,19,2
"P6B2",14,"Recovery","Control",0,9,18.8,2
"P6B3",1,"Exposure","Control",3,5.6,18.5,2
"P6B3",2,"Exposure","Control",658,16.2,18.6,2
"P6B3",3,"Exposure","Control",298,13.4,18.6,2
"P6B3",4,"Exposure","Control",565,15.7,18.8,2
"P6B3",5,"Exposure","Control",325,16.2,18.8,2
"P6B3",6,"Exposure","Control",679,15.3,18.5,2
"P6B3",7,"Exposure","Control",680,17.6,18.8,2
"P6B3",8,"Recovery","Control",222,12.1,18.6,2
"P6B3",9,"Recovery","Control",0,8.2,18.9,2
"P6B3",10,"Recovery","Control",519,15.2,19.1,2
"P6B3",11,"Recovery","Control",304,16.3,18.9,2
"P6B3",12,"Recovery","Control",407,16.4,18.5,2
"P6B3",13,"Recovery","Control",0,8.7,19,2
"P6B3",14,"Recovery","Control",668,16.6,18.8,2
"P7A1",1,"Exposure","Treatment",1,11.1,18.8,2
"P7A1",2,"Exposure","Treatment",146,8.5,18.6,2
"P7A1",3,"Exposure","Treatment",138,9,18.9,2
"P7A1",4,"Exposure","Treatment",27,7.1,18.9,2
"P7A1",5,"Exposure","Treatment",74,5,18.8,2
"P7A1",6,"Exposure","Treatment",191,10.6,18.6,2
"P7A1",7,"Exposure","Treatment",326,11.6,18.8,2
"P7A1",8,"Recovery","Treatment",210,11.4,18.7,2
"P7A1",9,"Recovery","Treatment",18,6.3,18.6,2
"P7A1",10,"Recovery","Treatment",318,11.6,18.8,2
"P7A1",11,"Recovery","Treatment",465,8.3,18.6,2
"P7A1",12,"Recovery","Treatment",280,11.4,18.9,2
"P7A1",13,"Recovery","Treatment",427,10.1,19.4,2
"P7A1",14,"Recovery","Treatment",332,10.4,18.6,2
"P7A2",1,"Exposure","Treatment",0,12.9,18.8,2
"P7A2",2,"Exposure","Treatment",12,9.6,18.6,2
"P7A2",3,"Exposure","Treatment",109,20.9,18.9,2
"P7A2",4,"Exposure","Treatment",153,18.8,18.9,2
"P7A2",5,"Exposure","Treatment",47,18.2,18.8,2
"P7A2",6,"Exposure","Treatment",0,14.3,18.6,2
"P7A2",7,"Exposure","Treatment",238,20.1,18.8,2
"P7A2",8,"Recovery","Treatment",83,12.9,18.7,2
"P7A2",9,"Recovery","Treatment",266,18.4,18.6,2
"P7A2",10,"Recovery","Treatment",351,20.5,18.8,2
"P7A2",11,"Recovery","Treatment",306,21,18.6,2
"P7A2",12,"Recovery","Treatment",242,19.8,18.9,2
"P7A2",13,"Recovery","Treatment",437,17.7,19.4,2
"P7A2",14,"Recovery","Treatment",0,9.6,18.6,2
"P7A3",1,"Exposure","Treatment",42,8.6,18.8,2
"P7A3",2,"Exposure","Treatment",98,16.2,18.6,2
"P7A3",3,"Exposure","Treatment",157,16.4,18.9,2
"P7A3",4,"Exposure","Treatment",61,8.1,18.9,2
"P7A3",5,"Exposure","Treatment",109,16.4,18.8,2
"P7A3",6,"Exposure","Treatment",0,9.2,18.6,2
"P7A3",7,"Exposure","Treatment",124,16.4,18.8,2
"P7A3",8,"Recovery","Treatment",3,9.1,18.7,2
"P7A3",9,"Recovery","Treatment",250,11.3,18.6,2
"P7A3",10,"Recovery","Treatment",153,10.2,18.8,2
"P7A3",11,"Recovery","Treatment",482,11.5,18.6,2
"P7A3",12,"Recovery","Treatment",399,11.9,18.9,2
"P7A3",13,"Recovery","Treatment",513,12.6,19.4,2
"P7A3",14,"Recovery","Treatment",420,12.7,18.6,2
"P7B1",1,"Exposure","Treatment",48,11.4,18.8,2
"P7B1",2,"Exposure","Treatment",0,10,18.6,2
"P7B1",3,"Exposure","Treatment",249,16.4,18.9,2
"P7B1",4,"Exposure","Treatment",349,16.7,18.9,2
"P7B1",5,"Exposure","Treatment",579,17.8,18.8,2
"P7B1",6,"Exposure","Treatment",155,14.5,18.6,2
"P7B1",7,"Exposure","Treatment",210,18.3,18.8,2
"P7B1",8,"Recovery","Treatment",64,8.4,18.7,2
"P7B1",9,"Recovery","Treatment",0,9.5,18.6,2
"P7B1",10,"Recovery","Treatment",22,12.6,18.8,2
"P7B1",11,"Recovery","Treatment",33,11.2,18.6,2
"P7B1",12,"Recovery","Treatment",62,9.1,18.9,2
"P7B1",13,"Recovery","Treatment",444,16.5,19.4,2
"P7B1",14,"Recovery","Treatment",435,15,18.6,2
"P7B2",1,"Exposure","Treatment",3,8.3,18.8,2
"P7B2",2,"Exposure","Treatment",443,17,18.6,2
"P7B2",3,"Exposure","Treatment",453,13.7,18.9,2
"P7B2",4,"Exposure","Treatment",144,13.9,18.9,2
"P7B2",5,"Exposure","Treatment",778,15.8,18.8,2
"P7B2",6,"Exposure","Treatment",574,15.8,18.6,2
"P7B2",7,"Exposure","Treatment",638,16.1,18.8,2
"P7B2",8,"Recovery","Treatment",0,9.1,18.7,2
"P7B2",9,"Recovery","Treatment",825,13.9,18.6,2
"P7B2",10,"Recovery","Treatment",610,14.6,18.8,2
"P7B2",11,"Recovery","Treatment",1,9.7,18.6,2
"P7B2",12,"Recovery","Treatment",533,17.2,18.9,2
"P7B2",13,"Recovery","Treatment",695,17.3,19.4,2
"P7B2",14,"Recovery","Treatment",0,8.7,18.6,2
"P8A1",1,"Exposure","Treatment",194,15.4,18.8,2
"P8A1",2,"Exposure","Treatment",649,15.8,18.5,2
"P8A1",3,"Exposure","Treatment",110,10.4,18.9,2
"P8A1",4,"Exposure","Treatment",55,13.1,18.6,2
"P8A1",5,"Exposure","Treatment",190,13.4,18.6,2
"P8A1",6,"Exposure","Treatment",172,14.4,18.9,2
"P8A1",7,"Exposure","Treatment",473,14.5,18.6,2
"P8A1",8,"Recovery","Treatment",0,7,18.7,2
"P8A1",9,"Recovery","Treatment",418,13.3,18.6,2
"P8A1",10,"Recovery","Treatment",335,13.2,18.6,2
"P8A1",11,"Recovery","Treatment",327,14.1,18.9,2
"P8A1",12,"Recovery","Treatment",462,13,18.8,2
"P8A1",13,"Recovery","Treatment",552,13.3,19,2
"P8A1",14,"Recovery","Treatment",378,13.2,18.9,2
"P8A2",1,"Exposure","Treatment",146,16.4,18.8,2
"P8A2",2,"Exposure","Treatment",739,21.1,18.5,2
"P8A2",3,"Exposure","Treatment",302,19,18.9,2
"P8A2",4,"Exposure","Treatment",166,18.6,18.6,2
"P8A2",5,"Exposure","Treatment",150,19.3,18.6,2
"P8A2",6,"Exposure","Treatment",156,17.2,18.9,2
"P8A2",7,"Exposure","Treatment",511,20.6,18.6,2
"P8A2",8,"Recovery","Treatment",23,10.9,18.7,2
"P8A2",9,"Recovery","Treatment",541,20.6,18.6,2
"P8A2",10,"Recovery","Treatment",489,16.6,18.6,2
"P8A2",11,"Recovery","Treatment",57,12.7,18.9,2
"P8A2",12,"Recovery","Treatment",362,20,18.8,2
"P8A2",13,"Recovery","Treatment",630,18.2,19,2
"P8A2",14,"Recovery","Treatment",452,17.5,18.9,2
"P8A3",1,"Exposure","Treatment",6,10.9,18.8,2
"P8A3",2,"Exposure","Treatment",415,20.4,18.5,2
"P8A3",3,"Exposure","Treatment",437,17.7,18.9,2
"P8A3",4,"Exposure","Treatment",0,7.9,18.6,2
"P8A3",5,"Exposure","Treatment",0,7.9,18.6,2
"P8A3",6,"Exposure","Treatment",0,8.5,18.9,2
"P8A3",7,"Exposure","Treatment",0,7.6,18.6,2
"P8A3",8,"Recovery","Treatment",81,12.4,18.7,2
"P8A3",9,"Recovery","Treatment",0,7.7,18.6,2
"P8A3",10,"Recovery","Treatment",0,7,18.6,2
"P8A3",11,"Recovery","Treatment",0,6.2,18.9,2
"P8A3",12,"Recovery","Treatment",0,7.8,18.8,2
"P8A3",13,"Recovery","Treatment",0,8.4,19,2
"P8A3",14,"Recovery","Treatment",0,7,18.9,2
"P8B1",1,"Exposure","Treatment",39,11.7,18.8,2
"P8B1",2,"Exposure","Treatment",674,20.1,18.5,2
"P8B1",3,"Exposure","Treatment",97,16.3,18.9,2
"P8B1",4,"Exposure","Treatment",83,17.1,18.6,2
"P8B1",5,"Exposure","Treatment",456,18.1,18.6,2
"P8B1",6,"Exposure","Treatment",385,17.3,18.9,2
"P8B1",7,"Exposure","Treatment",91,20.8,18.6,2
"P8B1",8,"Recovery","Treatment",19,10.6,18.7,2
"P8B1",9,"Recovery","Treatment",632,18.1,18.6,2
"P8B1",10,"Recovery","Treatment",565,19.2,18.6,2
"P8B1",11,"Recovery","Treatment",611,20.9,18.9,2
"P8B1",12,"Recovery","Treatment",838,19,18.8,2
"P8B1",13,"Recovery","Treatment",544,14.3,19,2
"P8B1",14,"Recovery","Treatment",617,12.9,18.9,2
"P8B2",1,"Exposure","Treatment",22,13.2,18.8,2
"P8B2",2,"Exposure","Treatment",244,21.2,18.5,2
"P8B2",3,"Exposure","Treatment",446,20.2,18.9,2
"P8B2",4,"Exposure","Treatment",168,15.9,18.6,2
"P8B2",5,"Exposure","Treatment",473,20,18.6,2
"P8B2",6,"Exposure","Treatment",520,21,18.9,2
"P8B2",7,"Exposure","Treatment",598,17.9,18.6,2
"P8B2",8,"Recovery","Treatment",436,22.4,18.7,2
"P8B2",9,"Recovery","Treatment",609,20.5,18.6,2
"P8B2",10,"Recovery","Treatment",748,22.1,18.6,2
"P8B2",11,"Recovery","Treatment",748,21.5,18.9,2
"P8B2",12,"Recovery","Treatment",758,21.7,18.8,2
"P8B2",13,"Recovery","Treatment",807,14.7,19,2
"P8B2",14,"Recovery","Treatment",429,14,18.9,2
"P8B3",1,"Exposure","Treatment",4,10.5,18.8,2
"P8B3",2,"Exposure","Treatment",0,9.5,18.5,2
"P8B3",3,"Exposure","Treatment",327,15.8,18.9,2
"P8B3",4,"Exposure","Treatment",0,8.9,18.6,2
"P8B3",5,"Exposure","Treatment",239,14,18.6,2
"P8B3",6,"Exposure","Treatment",419,16.2,18.9,2
"P8B3",7,"Exposure","Treatment",165,14.5,18.6,2
"P8B3",8,"Recovery","Treatment",16,8.1,18.7,2
"P8B3",9,"Recovery","Treatment",296,14.4,18.6,2
"P8B3",10,"Recovery","Treatment",299,14.5,18.6,2
"P8B3",11,"Recovery","Treatment",360,14.8,18.9,2
"P8B3",12,"Recovery","Treatment",402,14.9,18.8,2
"P8B3",13,"Recovery","Treatment",404,13.5,19,2
"P8B3",14,"Recovery","Treatment",83,12,18.9,2
"P9A1",1,"Exposure","Control",171,19,18.5,2
"P9A1",2,"Exposure","Control",227,18.3,18.8,2
"P9A1",3,"Exposure","Control",2,9.7,18.8,2
"P9A1",4,"Exposure","Control",2,6.7,18.6,2
"P9A1",5,"Exposure","Control",2,7.7,18.5,2
"P9A1",6,"Exposure","Control",638,14.2,18.8,2
"P9A1",7,"Exposure","Control",200,15.6,18.9,2
"P9A1",8,"Recovery","Control",0,8.7,18.6,2
"P9A1",9,"Recovery","Control",473,16,18.9,2
"P9A1",10,"Recovery","Control",410,15.4,18.7,2
"P9A1",11,"Recovery","Control",308,16.5,18.9,2
"P9A1",12,"Recovery","Control",664,15.5,19.1,2
"P9A1",13,"Recovery","Control",716,15.9,18.9,2
"P9A1",14,"Recovery","Control",674,15.1,18.5,2
"P9A2",1,"Exposure","Control",3,17.2,18.5,2
"P9A2",2,"Exposure","Control",154,23.7,18.8,2
"P9A2",3,"Exposure","Control",193,19.3,18.8,2
"P9A2",4,"Exposure","Control",251,20.3,18.6,2
"P9A2",5,"Exposure","Control",420,16.5,18.5,2
"P9A2",6,"Exposure","Control",424,19.7,18.8,2
"P9A2",7,"Exposure","Control",365,18.7,18.9,2
"P9A2",8,"Recovery","Control",0,9.7,18.6,2
"P9A2",9,"Recovery","Control",198,18.8,18.9,2
"P9A2",10,"Recovery","Control",388,18.2,18.7,2
"P9A2",11,"Recovery","Control",340,17.7,18.9,2
"P9A2",12,"Recovery","Control",393,18.6,19.1,2
"P9A2",13,"Recovery","Control",362,16.9,18.9,2
"P9A2",14,"Recovery","Control",376,17,18.5,2
"P9A3",1,"Exposure","Control",0,9.8,18.5,2
"P9A3",2,"Exposure","Control",206,21.3,18.8,2
"P9A3",3,"Exposure","Control",676,18.4,18.8,2
"P9A3",4,"Exposure","Control",265,18.1,18.6,2
"P9A3",5,"Exposure","Control",732,17.9,18.5,2
"P9A3",6,"Exposure","Control",491,18,18.8,2
"P9A3",7,"Exposure","Control",344,15.7,18.9,2
"P9A3",8,"Recovery","Control",104,17.7,18.6,2
"P9A3",9,"Recovery","Control",502,17.8,18.9,2
"P9A3",10,"Recovery","Control",564,17.7,18.7,2
"P9A3",11,"Recovery","Control",524,17.2,18.9,2
"P9A3",12,"Recovery","Control",489,17.1,19.1,2
"P9A3",13,"Recovery","Control",562,17.9,18.9,2
"P9A3",14,"Recovery","Control",442,16.6,18.5,2
"P9B1",1,"Exposure","Control",0,7.4,18.5,2
"P9B1",2,"Exposure","Control",2,8.6,18.8,2
"P9B1",3,"Exposure","Control",704,12.6,18.8,2
"P9B1",4,"Exposure","Control",601,13.1,18.6,2
"P9B1",5,"Exposure","Control",571,13.7,18.5,2
"P9B1",6,"Exposure","Control",724,12.8,18.8,2
"P9B1",7,"Exposure","Control",350,11.7,18.9,2
"P9B1",8,"Recovery","Control",206,13.2,18.6,2
"P9B1",9,"Recovery","Control",312,13.5,18.9,2
"P9B1",10,"Recovery","Control",543,13.8,18.7,2
"P9B1",11,"Recovery","Control",650,13.5,18.9,2
"P9B1",12,"Recovery","Control",571,13.8,19.1,2
"P9B1",13,"Recovery","Control",670,13.7,18.9,2
"P9B1",14,"Recovery","Control",643,14.1,18.5,2
"P9B2",1,"Exposure","Control",0,14,18.5,2
"P9B2",2,"Exposure","Control",175,24.3,18.8,2
"P9B2",3,"Exposure","Control",7,12,18.8,2
"P9B2",4,"Exposure","Control",0,11.3,18.6,2
"P9B2",5,"Exposure","Control",0,10.9,18.5,2
"P9B2",6,"Exposure","Control",147,18.7,18.8,2
"P9B2",7,"Exposure","Control",62,11.1,18.9,2
"P9B2",8,"Recovery","Control",238,20.6,18.6,2
"P9B2",9,"Recovery","Control",0,11.1,18.9,2
"P9B2",10,"Recovery","Control",47,15.7,18.7,2
"P9B2",11,"Recovery","Control",229,18.3,18.9,2
"P9B2",12,"Recovery","Control",269,19.9,19.1,2
"P9B2",13,"Recovery","Control",256,19.4,18.9,2
"P9B2",14,"Recovery","Control",281,17.8,18.5,2
"P9B3",1,"Exposure","Control",0,9.5,18.5,2
"P9B3",2,"Exposure","Control",289,19.5,18.8,2
"P9B3",3,"Exposure","Control",0,9.4,18.8,2
"P9B3",4,"Exposure","Control",365,15.7,18.6,2
"P9B3",5,"Exposure","Control",13,9.3,18.5,2
"P9B3",6,"Exposure","Control",538,18.1,18.8,2
"P9B3",7,"Exposure","Control",151,7.9,18.9,2
"P9B3",8,"Recovery","Control",0,8,18.6,2
"P9B3",9,"Recovery","Control",299,15.4,18.9,2
"P9B3",10,"Recovery","Control",52,8.1,18.7,2
"P9B3",11,"Recovery","Control",253,14.2,18.9,2
"P9B3",12,"Recovery","Control",311,16,19.1,2
"P9B3",13,"Recovery","Control",407,14.8,18.9,2
"P9B3",14,"Recovery","Control",363,14.9,18.5,2
